Código do fundo,Tipo,Setor,Preço Atual,Liquidez Diária,Dividendo,Dividend Yield,DY (3M) Acumulado,DY (6M) Acumulado,DY (12M) Acumulado,DY (3M) Média,DY (6M) Média,DY (12M) Média,DY Ano,Variação Preço,Rentab. Período,Rentab. Acumulada,Patrimônio Líq.,VPA,P/VPA,DY Patrimonial,Variação Patrimonial,Rentab. Patr. no Período,Rentab. Patr. Acumulada,Vacância Física,Vacância Financeira,Quantidade Ativos
FIVN11,Tijolo,Shoppings,3.32,826,0.0,0.0,0.0,0.0,0.0,0.0,0.0,0.0,0.0,0.0,0.0,0.0,65352435.22,6.94,0.48,0.0,0.0,0.0,0.0,0.56,0.0,1
BZLI11,Papel,Títulos e Val. Mob.,17.01,2,0.0,0.0,0.0,0.0,0.0,0.0,0.0,0.0,0.0,0.68,0.68,1.14,433127158.26,10.49,1.62,0.0,0.0,0.0,0.0,0.0,0.0,0
XTED11,Tijolo,Lajes Corporativas,8.82,2223,0.0,0.0,0.0,0.0,0.0,0.0,0.0,0.0,0.0,1.1,1.1,-37.83,27688895.17,13.26,0.67,0.0,0.0,0.0,0.0,0.0,1.0,1
ALMI11,Tijolo,Lajes Corporativas,885.0,32,0.0,0.0,0.0,0.0,0.0,0.0,0.0,0.0,0.0,2.27,2.27,-28.29,250446109.75,2252.68,0.39,0.0,0.0,0.0,0.0,0.6405,0.0,1
PABY11,Papel,Híbrido,21.68,380,0.0,0.0,0.0,0.0,0.0,0.0,0.0,0.0,0.0,-19.84,-19.84,-31.62,-1226292.32,-15.86,-1.37,0.0,0.0,0.0,0.0,0.0,0.0,1
ORPD11,Papel,Títulos e Val. Mob.,11.0,50,1.38,0.0,0.0,0.0,0.0,0.0,0.0,0.0,0.0,0.0,0.0,0.0,4342241.0,148.42,0.07,0.0,0.0,0.0,0.0,0.0,0.0,0
GSFI11,Tijolo,Shoppings,5.09,12433,0.0,0.03,0.03,0.03,0.03,0.01,0.0,0.0,0.03,0.0,0.03,0.03,121250921.01,13.58,0.37,0.0,0.0,0.0,0.0,0.10300000000000001,0.0,10
NEWU11,Tijolo,Lajes Corporativas,40.26,14,0.0,0.0,0.0,0.56,16.63,0.0,0.09,1.39,0.61,-4.04,-4.04,-31.62,48168182.05,64.92,0.62,0.12,-0.31,-0.19,-0.19,0.632,0.0,3
PRSV11,Tijolo,Lajes Corporativas,139.35,30,1.62,0.42,1.53,2.91,5.95,0.51,0.48,0.5,4.46,5.3,5.74,-11.25,47486481.43,243.52,0.57,0.0,0.0,0.0,0.0,0.409,0.0,2
FAMB11B,Tijolo,Lajes Corporativas,741.0,273,9.16,0.56,2.17,4.78,10.43,0.72,0.8,0.87,8.82,-47.8,-47.51,-47.8,317236778.23,327.07,0.24,0.0,0.0,0.0,0.0,1.0,0.0,1
FMOF11,Tijolo,Lajes Corporativas,54.16,8,0.64,0.0,0.0,0.0,0.0,0.0,0.0,0.0,0.0,0.0,0.0,0.0,62381144.65,122.8,0.44,0.0,0.0,0.0,0.0,0.5207999999999999,0.0,1
HGRS11,Tijolo,Residencial,10.03,9639,0.0,0.0,0.0,0.0,0.0,0.0,0.0,0.0,0.0,0.0,0.0,0.0,151683765.07,101.6,0.1,0.0,0.0,0.0,0.0,0.0,0.0,0
HGRS11,Tijolo,Residencial,10.05,50319,0.0,0.0,0.0,0.0,0.0,0.0,0.0,0.0,0.0,0.0,0.0,0.0,151683765.07,101.6,0.1,0.0,0.0,0.0,0.0,0.0,0.0,0
HGRS11,Tijolo,Residencial,10.03,78020,0.0,0.0,0.0,0.0,0.0,0.0,0.0,0.0,0.0,0.0,0.0,0.0,151683765.07,101.6,0.1,0.0,0.0,0.0,0.0,0.0,0.0,0
HGRS11,Tijolo,Residencial,10.04,89910,0.0,0.0,0.0,0.0,0.0,0.0,0.0,0.0,0.0,0.0,0.0,0.0,151683765.07,101.6,0.1,0.0,0.0,0.0,0.0,0.0,0.0,0
HGRS11,Tijolo,Residencial,10.04,109262,0.0,0.0,0.0,0.0,0.0,0.0,0.0,0.0,0.0,0.0,0.0,0.0,151683765.07,101.6,0.1,0.0,0.0,0.0,0.0,0.0,0.0,0
HGRS11,Tijolo,Residencial,10.03,85924,0.0,0.0,0.0,0.0,0.0,0.0,0.0,0.0,0.0,0.0,0.0,0.0,151683765.07,101.6,0.1,0.0,0.0,0.0,0.0,0.0,0.0,0
HGRS11,Tijolo,Residencial,10.08,121381,0.0,0.0,0.0,0.0,0.0,0.0,0.0,0.0,0.0,0.0,0.0,0.0,151683765.07,101.6,0.1,0.0,0.0,0.0,0.0,0.0,0.0,0
HGRS11,Tijolo,Residencial,10.0,175712,0.0,0.0,0.0,0.0,0.0,0.0,0.0,0.0,0.0,0.0,0.0,0.0,151683765.07,101.6,0.1,0.0,0.0,0.0,0.0,0.0,0.0,0
HGRS11,Tijolo,Residencial,10.14,160602,0.0,0.0,0.0,0.0,0.0,0.0,0.0,0.0,0.0,0.0,0.0,0.0,151683765.07,101.6,0.1,0.0,0.0,0.0,0.0,0.0,0.0,0
KNRE11,Tijolo,Residencial,0.53,21173,0.0,0.0,0.0,0.0,0.0,0.0,0.0,0.0,0.0,0.0,0.0,0.0,15445287.74,0.83,0.64,36.83,-28.53,-2.21,-8.03,0.0,0.0,0
RBDS11,Tijolo,Residencial,2.95,20,0.0,0.0,0.0,0.0,0.0,0.0,0.0,0.0,0.0,0.0,0.0,0.0,256541.32,20.27,0.15,0.0,0.0,0.0,0.0,0.0,0.0,0
WTSP11B,Papel,Híbrido,30.02,21,0.32,0.76,2.57,4.67,6.85,0.86,0.78,0.57,0.76,0.0,0.76,0.76,8229987.2,82.92,0.36,0.0,0.0,0.0,0.0,0.0,0.0,0
OULG11,Papel,Outros,42.97,1213,0.17,0.38,1.14,3.4,8.03,0.38,0.57,0.67,1.5,3.09,3.48,-3.91,181789440.59,73.26,0.59,0.27,0.03,0.31,0.75,0.0,0.0,2
VXXV11,Papel,Outros,950.0,601,10.76,0.0,0.0,0.0,0.0,0.0,0.0,0.0,0.0,0.0,0.0,0.0,24121742.46,909.29,1.04,0.0,0.0,0.0,0.0,0.0,0.0,0
HRDF11,Papel,Híbrido,0.86,491,6.8,0.0,0.0,0.0,0.0,0.0,0.0,0.0,0.0,0.0,0.0,0.0,8580336.15,1.13,0.76,0.0,0.0,0.0,0.0,0.0,0.0,0
CJCT11,Tijolo,Lajes Corporativas,69.76,6,0.0,0.0,0.0,0.0,0.0,0.0,0.0,0.0,0.0,0.0,0.0,0.0,201289696.9,64.1,1.09,0.0,0.0,0.0,0.0,0.59,0.0,1
LFTT11,Tijolo,Residencial,83.0,65,0.75,0.0,0.0,0.0,0.0,0.0,0.0,0.0,0.0,0.0,0.0,0.0,323918256.91,43.75,1.9,0.0,0.0,0.0,0.0,0.0,0.0,0
CTXT11,Tijolo,Lajes Corporativas,12.0,298,0.09,0.39,0.78,1.36,5.53,0.26,0.23,0.46,1.36,-2.58,-2.2,-39.31,104537496.57,36.01,0.33,0.0,0.0,0.0,0.0,0.97,0.0,1
SRVD11,Papel,Títulos e Val. Mob.,7.04,12,0.1,1.01,0.0,0.0,0.0,0.0,0.0,0.0,1.01,0.0,1.01,1.01,71453390.81,0.74,9.49,0.0,0.0,0.0,0.0,0.0,0.0,0
RBIR11,Tijolo,Residencial,63.15,1021,0.0,0.0,0.0,0.0,0.0,0.0,0.0,0.0,0.0,0.0,0.0,0.0,145966288.51,95.49,0.66,0.0,0.0,0.0,0.0,0.0,0.0,0
CARE11,Papel,Híbrido,2.82,6156,0.0,0.23,0.66,1.36,1.6,0.22,0.23,0.13,1.36,-2.63,-2.41,5.65,291700133.94,8.15,0.35,0.0,0.0,0.0,0.0,0.0,0.0,0
RBGS11,Tijolo,Shoppings,90.17,1390,0.18,0.62,1.59,2.73,5.12,0.53,0.46,0.43,5.12,-1.9,-1.29,-28.71,97865283.71,90.78,0.99,0.18,0.0,0.18,1.17,0.13,0.0,1
RBGS11,Tijolo,Shoppings,89.98,1509,0.18,0.62,1.59,2.73,5.12,0.53,0.46,0.43,5.12,-1.9,-1.29,-28.71,97865283.71,90.78,0.99,0.18,0.0,0.18,1.17,0.13,0.0,1
RBGS11,Tijolo,Shoppings,90.1,1593,0.18,0.62,1.59,2.73,5.12,0.53,0.46,0.43,5.12,-1.9,-1.29,-28.71,97865283.71,90.78,0.99,0.18,0.0,0.18,1.17,0.13,0.0,1
RBGS11,Tijolo,Shoppings,90.18,768,0.18,0.62,1.59,2.73,5.12,0.53,0.46,0.43,5.12,-1.9,-1.29,-28.71,97865283.71,90.78,0.99,0.18,0.0,0.18,1.17,0.13,0.0,1
RBGS11,Tijolo,Shoppings,90.15,618,0.18,0.62,1.59,2.73,5.12,0.53,0.46,0.43,5.12,-1.9,-1.29,-28.71,97865283.71,90.78,0.99,0.18,0.0,0.18,1.17,0.13,0.0,1
RBGS11,Tijolo,Shoppings,90.17,556,0.18,0.62,1.59,2.73,5.12,0.53,0.46,0.43,5.12,-1.9,-1.29,-28.71,97865283.71,90.78,0.99,0.18,0.0,0.18,1.17,0.13,0.0,1
RBGS11,Tijolo,Shoppings,90.19,1658,0.18,0.62,1.59,2.73,5.12,0.53,0.46,0.43,5.12,-1.9,-1.29,-28.71,97865283.71,90.78,0.99,0.18,0.0,0.18,1.17,0.13,0.0,1
RBGS11,Tijolo,Shoppings,90.44,1313,0.18,0.62,1.59,2.73,5.12,0.53,0.46,0.43,5.12,-1.9,-1.29,-28.71,97865283.71,90.78,1.0,0.18,0.0,0.18,1.17,0.13,0.0,1
IBFF11,Papel,Títulos e Val. Mob.,3.08,2400,0.3,0.44,2.01,4.58,9.52,0.67,0.76,0.79,5.42,7.5,7.98,19.59,9855905.16,14.78,0.21,0.0,0.0,0.0,0.0,0.0,0.0,0
IBFF11,Papel,Títulos e Val. Mob.,3.08,1300,0.3,0.44,2.01,4.58,9.52,0.67,0.76,0.79,5.42,7.5,7.98,19.59,9855905.16,14.78,0.21,0.0,0.0,0.0,0.0,0.0,0.0,0
YUFI11B,Tijolo,Residencial,96.0,11,0.63,0.0,0.0,0.0,0.0,0.0,0.0,0.0,0.0,0.0,0.0,0.0,5199276.98,103.72,0.93,0.0,0.0,0.0,0.0,0.0,0.0,0
YUFI11B,Tijolo,Residencial,95.99,2645,0.63,0.0,0.0,0.0,0.0,0.0,0.0,0.0,0.0,0.0,0.0,0.0,5199276.98,103.72,0.93,0.0,0.0,0.0,0.0,0.0,0.0,0
YUFI11B,Tijolo,Residencial,95.48,6092,0.63,0.0,0.0,0.0,0.0,0.0,0.0,0.0,0.0,0.0,0.0,0.0,5199276.98,103.72,0.92,0.0,0.0,0.0,0.0,0.0,0.0,0
YUFI11B,Tijolo,Residencial,95.1,5394,0.63,0.0,0.0,0.0,0.0,0.0,0.0,0.0,0.0,0.0,0.0,0.0,5199276.98,103.72,0.92,0.0,0.0,0.0,0.0,0.0,0.0,0
YUFI11B,Tijolo,Residencial,95.42,2129,0.63,0.0,0.0,0.0,0.0,0.0,0.0,0.0,0.0,0.0,0.0,0.0,5199276.98,103.72,0.92,0.0,0.0,0.0,0.0,0.0,0.0,0
YUFI11B,Tijolo,Residencial,95.44,2060,0.63,0.0,0.0,0.0,0.0,0.0,0.0,0.0,0.0,0.0,0.0,0.0,5199276.98,103.72,0.92,0.0,0.0,0.0,0.0,0.0,0.0,0
YUFI11B,Tijolo,Residencial,95.38,2455,0.63,0.0,0.0,0.0,0.0,0.0,0.0,0.0,0.0,0.0,0.0,0.0,5199276.98,103.72,0.92,0.0,0.0,0.0,0.0,0.0,0.0,0
YUFI11B,Tijolo,Residencial,95.41,3382,0.63,0.0,0.0,0.0,0.0,0.0,0.0,0.0,0.0,0.0,0.0,0.0,5199276.98,103.72,0.92,0.0,0.0,0.0,0.0,0.0,0.0,0
YUFI11B,Tijolo,Residencial,95.6,4351,0.63,0.0,0.0,0.0,0.0,0.0,0.0,0.0,0.0,0.0,0.0,0.0,5199276.98,103.72,0.92,0.0,0.0,0.0,0.0,0.0,0.0,0
CORM11,Papel,Híbrido,99.21,312,0.77,0.9,2.76,5.35,11.38,0.92,0.89,0.95,6.2,-2.97,-2.1,-4.27,90416237.6,88.88,1.12,0.0,0.0,0.0,0.0,0.0,0.0,0
CORM11,Papel,Híbrido,99.38,27987,0.77,0.9,2.76,5.35,11.38,0.92,0.89,0.95,6.2,-2.97,-2.1,-4.27,90416237.6,88.88,1.12,0.0,0.0,0.0,0.0,0.0,0.0,0
CORM11,Papel,Híbrido,99.51,14665,0.77,0.9,2.76,5.35,11.38,0.92,0.89,0.95,6.2,-2.97,-2.1,-4.27,90416237.6,88.88,1.12,0.0,0.0,0.0,0.0,0.0,0.0,0
CORM11,Papel,Híbrido,99.53,17830,0.77,0.9,2.76,5.35,11.38,0.92,0.89,0.95,6.2,-2.97,-2.1,-4.27,90416237.6,88.88,1.12,0.0,0.0,0.0,0.0,0.0,0.0,0
CORM11,Papel,Híbrido,99.51,13839,0.77,0.9,2.76,5.35,11.38,0.92,0.89,0.95,6.2,-2.97,-2.1,-4.27,90416237.6,88.88,1.12,0.0,0.0,0.0,0.0,0.0,0.0,0
CORM11,Papel,Híbrido,99.54,16131,0.77,0.9,2.76,5.35,11.38,0.92,0.89,0.95,6.2,-2.97,-2.1,-4.27,90416237.6,88.88,1.12,0.0,0.0,0.0,0.0,0.0,0.0,0
CORM11,Papel,Híbrido,99.5,13368,0.77,0.9,2.76,5.35,11.38,0.92,0.89,0.95,6.2,-2.97,-2.1,-4.27,90416237.6,88.88,1.12,0.0,0.0,0.0,0.0,0.0,0.0,0
CORM11,Papel,Híbrido,99.31,21429,0.77,0.9,2.76,5.35,11.38,0.92,0.89,0.95,6.2,-2.97,-2.1,-4.27,90416237.6,88.88,1.12,0.0,0.0,0.0,0.0,0.0,0.0,0
CORM11,Papel,Híbrido,99.42,20270,0.77,0.9,2.76,5.35,11.38,0.92,0.89,0.95,6.2,-2.97,-2.1,-4.27,90416237.6,88.88,1.12,0.0,0.0,0.0,0.0,0.0,0.0,0
ERCR11,Papel,Híbrido,89.1,177,783.96,0.0,0.0,0.0,0.0,0.0,0.0,0.0,0.0,0.0,0.0,0.0,160268446.24,67453.05,0.0,0.0,0.0,0.0,0.0,0.0,0.0,0
ERCR11,Papel,Híbrido,89.2,4779,783.96,0.0,0.0,0.0,0.0,0.0,0.0,0.0,0.0,0.0,0.0,0.0,160268446.24,67453.05,0.0,0.0,0.0,0.0,0.0,0.0,0.0,0
ERCR11,Papel,Híbrido,88.55,2738,783.96,0.0,0.0,0.0,0.0,0.0,0.0,0.0,0.0,0.0,0.0,0.0,160268446.24,67453.05,0.0,0.0,0.0,0.0,0.0,0.0,0.0,0
ERCR11,Papel,Híbrido,89.31,2315,783.96,0.0,0.0,0.0,0.0,0.0,0.0,0.0,0.0,0.0,0.0,0.0,160268446.24,67453.05,0.0,0.0,0.0,0.0,0.0,0.0,0.0,0
ERCR11,Papel,Híbrido,88.83,6123,783.96,0.0,0.0,0.0,0.0,0.0,0.0,0.0,0.0,0.0,0.0,0.0,160268446.24,67453.05,0.0,0.0,0.0,0.0,0.0,0.0,0.0,0
ERCR11,Papel,Híbrido,88.66,2350,783.96,0.0,0.0,0.0,0.0,0.0,0.0,0.0,0.0,0.0,0.0,0.0,160268446.24,67453.05,0.0,0.0,0.0,0.0,0.0,0.0,0.0,0
ERCR11,Papel,Híbrido,88.3,9724,783.96,0.0,0.0,0.0,0.0,0.0,0.0,0.0,0.0,0.0,0.0,0.0,160268446.24,67453.05,0.0,0.0,0.0,0.0,0.0,0.0,0.0,0
ERCR11,Papel,Híbrido,88.24,3488,783.96,0.0,0.0,0.0,0.0,0.0,0.0,0.0,0.0,0.0,0.0,0.0,160268446.24,67453.05,0.0,0.0,0.0,0.0,0.0,0.0,0.0,0
QIRI11,Papel,Títulos e Val. Mob.,3.9,1100,0.66,0.86,2.85,5.44,9.6,0.95,0.91,0.8,7.0,6.81,7.72,-8.39,13441852.95,89.61,0.04,0.0,0.0,0.0,0.0,0.0,0.0,0
QIRI11,Papel,Títulos e Val. Mob.,3.99,5400,0.66,0.86,2.85,5.44,9.6,0.95,0.91,0.8,7.0,6.81,7.72,-8.39,13441852.95,89.61,0.04,0.0,0.0,0.0,0.0,0.0,0.0,0
QIRI11,Papel,Títulos e Val. Mob.,4.13,900,0.66,0.86,2.85,5.44,9.6,0.95,0.91,0.8,7.0,6.81,7.72,-8.39,13441852.95,89.61,0.05,0.0,0.0,0.0,0.0,0.0,0.0,0
QIRI11,Papel,Títulos e Val. Mob.,4.11,2600,0.66,0.86,2.85,5.44,9.6,0.95,0.91,0.8,7.0,6.81,7.72,-8.39,13441852.95,89.61,0.05,0.0,0.0,0.0,0.0,0.0,0.0,0
QIRI11,Papel,Títulos e Val. Mob.,4.23,10700,0.66,0.86,2.85,5.44,9.6,0.95,0.91,0.8,7.0,6.81,7.72,-8.39,13441852.95,89.61,0.05,0.0,0.0,0.0,0.0,0.0,0.0,0
QIRI11,Papel,Títulos e Val. Mob.,3.85,13300,0.66,0.86,2.85,5.44,9.6,0.95,0.91,0.8,7.0,6.81,7.72,-8.39,13441852.95,89.61,0.04,0.0,0.0,0.0,0.0,0.0,0.0,0
QIRI11,Papel,Títulos e Val. Mob.,4.1,9700,0.66,0.86,2.85,5.44,9.6,0.95,0.91,0.8,7.0,6.81,7.72,-8.39,13441852.95,89.61,0.05,0.0,0.0,0.0,0.0,0.0,0.0,0
AFOF11,Papel,Títulos e Val. Mob.,91.6,768,1.08,1.18,3.57,7.22,13.48,1.19,1.2,1.12,10.43,0.0,1.18,12.9,68114246.62,98.55,0.93,0.0,0.0,0.0,0.0,0.0,0.0,0
BLCP11,Papel,Outros,91.0,123,0.56,0.62,1.72,3.46,6.64,0.57,0.58,0.55,5.31,-0.54,0.08,19.93,256580339.9,111.74,0.81,0.5,-0.02,0.49,15.81,0.062,0.0,2
RBCO11,Tijolo,Lajes Corporativas,44.0,2717,0.2,0.45,1.5,4.23,8.64,0.5,0.7,0.72,7.12,5.64,6.12,-15.03,340942316.64,90.22,0.49,0.22,1.03,1.25,-7.08,0.46,0.5,4
ERCR11,Papel,Híbrido,89.1,177,139.45,0.0,0.0,0.0,0.0,0.0,0.0,0.0,0.0,0.0,0.0,0.0,160268446.24,67453.05,0.0,0.0,0.0,0.0,0.0,0.0,0.0,0
ERCR11,Papel,Híbrido,89.2,4779,139.45,0.0,0.0,0.0,0.0,0.0,0.0,0.0,0.0,0.0,0.0,0.0,160268446.24,67453.05,0.0,0.0,0.0,0.0,0.0,0.0,0.0,0
ERCR11,Papel,Híbrido,88.55,2738,139.45,0.0,0.0,0.0,0.0,0.0,0.0,0.0,0.0,0.0,0.0,0.0,160268446.24,67453.05,0.0,0.0,0.0,0.0,0.0,0.0,0.0,0
ERCR11,Papel,Híbrido,89.31,2315,139.45,0.0,0.0,0.0,0.0,0.0,0.0,0.0,0.0,0.0,0.0,0.0,160268446.24,67453.05,0.0,0.0,0.0,0.0,0.0,0.0,0.0,0
ERCR11,Papel,Híbrido,88.83,6123,139.45,0.0,0.0,0.0,0.0,0.0,0.0,0.0,0.0,0.0,0.0,0.0,160268446.24,67453.05,0.0,0.0,0.0,0.0,0.0,0.0,0.0,0
ERCR11,Papel,Híbrido,88.66,2350,139.45,0.0,0.0,0.0,0.0,0.0,0.0,0.0,0.0,0.0,0.0,0.0,160268446.24,67453.05,0.0,0.0,0.0,0.0,0.0,0.0,0.0,0
ERCR11,Papel,Híbrido,88.3,9724,139.45,0.0,0.0,0.0,0.0,0.0,0.0,0.0,0.0,0.0,0.0,0.0,160268446.24,67453.05,0.0,0.0,0.0,0.0,0.0,0.0,0.0,0
ERCR11,Papel,Híbrido,88.24,3488,139.45,0.0,0.0,0.0,0.0,0.0,0.0,0.0,0.0,0.0,0.0,0.0,160268446.24,67453.05,0.0,0.0,0.0,0.0,0.0,0.0,0.0,0
VVPR11,Papel,Híbrido,101.5,2211,0.89,0.88,2.47,4.88,9.73,0.82,0.81,0.81,6.57,2.01,2.91,15.95,22632234.18,98.03,1.04,0.0,0.0,0.0,0.0,0.0,0.0,6
MBRF11,Papel,Outros,679.0,438,10.0,1.47,4.42,9.59,17.77,1.47,1.6,1.48,16.27,0.0,1.47,15.18,115182102.81,1132.97,0.6,0.0,0.0,0.0,0.0,0.0,0.0,2
BTCR11,Papel,Títulos e Val. Mob.,88.0,6663,0.9,1.0,2.93,6.64,13.56,0.98,1.11,1.13,11.59,-6.19,-5.26,9.82,458252683.73,95.27,0.92,0.94,0.64,1.59,4.62,0.0,0.0,0
MCHY11,Papel,Títulos e Val. Mob.,104.0,150,1.4,1.34,3.95,7.77,14.8,1.32,1.29,1.23,12.62,-3.93,-2.64,6.73,357847552.23,99.69,1.04,0.0,0.0,0.0,0.0,0.0,0.0,0
BTAL11,Papel,Outros,91.0,11492,0.83,0.89,2.55,5.14,10.22,0.85,0.86,0.85,8.5,-6.96,-6.13,7.61,633527504.16,105.89,0.86,0.0,0.0,0.0,0.0,0.0,0.0,7
CCRF11,Papel,Títulos e Val. Mob.,94.63,21,0.7,0.71,2.43,6.2,13.46,0.81,1.03,1.12,11.07,3.12,3.85,9.47,151624862.95,96.46,0.98,0.0,0.0,0.0,0.0,0.0,0.0,0
FLRP11,Tijolo,Shoppings,1638.99,1,9.45,0.59,1.89,4.22,8.51,0.63,0.7,0.71,7.26,4.78,5.4,43.32,11303220.48,1732.33,0.95,0.0,0.0,0.0,0.0,0.020099999999999996,0.0,1
MORC11,Papel,Títulos e Val. Mob.,93.11,7362,1.1,1.18,3.63,7.91,15.95,1.21,1.32,1.33,13.44,-1.0,0.17,6.38,125287392.96,96.98,0.96,0.0,0.0,0.0,0.0,0.0,0.0,0
CNES11,Tijolo,Lajes Corporativas,32.67,88,0.12,0.37,1.07,1.9,3.75,0.36,0.32,0.31,2.95,-0.19,0.19,-1.52,263957120.08,89.5,0.37,0.0,0.0,0.0,0.0,0.5670000000000001,0.0,1
EDGA11,Tijolo,Lajes Corporativas,18.0,1537,0.15,0.85,1.83,3.95,7.62,0.61,0.66,0.64,6.82,-3.09,-2.26,-14.53,252142355.54,66.14,0.27,0.0,0.0,0.0,0.0,0.48810000000000003,0.0,1
BTRA11,Papel,Outros,84.0,4618,0.85,1.02,2.75,5.21,10.76,0.92,0.87,0.9,8.87,-4.63,-3.65,-7.5,348636630.43,103.62,0.81,0.0,0.0,0.0,0.0,0.0,0.0,0
PLOG11,Tijolo,Logística,71.38,447,0.75,0.99,2.89,6.02,12.26,0.96,1.0,1.02,11.29,-4.94,-4.0,12.81,7529676.09,100.39,0.71,0.75,-0.02,0.72,8.77,0.204,0.0,1
RBHG11,Papel,Títulos e Val. Mob.,83.05,3755,1.08,1.25,3.9,8.46,16.41,1.3,1.41,1.37,14.73,-1.54,-0.32,12.85,15977748.87,92.49,0.9,1.17,-0.8,0.36,9.87,0.0,0.0,0
JFLL11,Tijolo,Residencial,62.0,1083,0.62,0.96,2.68,5.33,10.23,0.89,0.89,0.85,9.42,-10.58,-9.72,-10.08,150791406.37,100.49,0.62,0.62,0.03,0.65,7.43,0.28,0.0,2
HUSI11,Tijolo,Hospital,1140.5,2,8.76,0.77,2.26,0.0,0.0,0.75,0.0,0.0,3.01,0.04,0.81,9.73,115392926.82,991.67,1.15,0.88,-0.83,0.05,4.33,0.0,0.0,0
CXTL11,Tijolo,Logística,350.0,12,1.4,0.4,1.0,1.67,2.91,0.33,0.28,0.24,1.42,-12.5,-12.15,-14.1,36815210.91,686.89,0.51,0.2,-1.86,-1.66,-1.49,0.61,0.0,3
MFAI11,Papel,Híbrido,58.0,193,0.43,0.69,2.79,5.29,12.36,0.93,0.88,1.03,10.92,-9.21,-8.58,-7.82,22278514.76,70.49,0.82,0.61,-8.86,-8.3,-6.29,0.0,0.0,0
RNGO11,Tijolo,Lajes Corporativas,47.01,1417,0.43,0.9,2.61,5.22,9.61,0.87,0.87,0.8,8.95,-3.51,-2.63,2.04,234642811.87,87.68,0.54,0.49,-0.02,0.47,5.37,0.24100000000000002,0.0,3
HSAF11,Papel,Títulos e Val. Mob.,77.0,5318,0.6,0.72,3.11,6.5,13.9,1.04,1.08,1.16,13.9,-0.8,-0.08,-3.34,23129715.87,91.55,0.84,0.66,-0.67,-0.02,8.39,0.0,0.0,0
MFII11,Papel,Híbrido,92.71,4472,1.11,1.15,3.4,6.86,13.46,1.13,1.14,1.12,12.34,-2.25,-1.12,-1.04,410920497.69,99.09,0.94,1.12,-1.83,-0.73,2.53,0.0,0.0,9
RZAG11,Papel,Títulos e Val. Mob.,9.45,255962,0.11,1.11,3.75,7.73,14.33,1.25,1.29,1.19,13.48,-4.9,-3.85,15.03,65031700.88,9.56,0.99,1.36,0.26,1.63,12.47,0.0,0.0,0
XPCA11,Papel,Títulos e Val. Mob.,9.44,158416,0.12,1.2,3.93,7.94,0.0,1.31,1.32,0.0,14.27,-2.44,-1.27,19.28,203824165.66,9.49,0.99,1.48,-0.14,1.34,12.47,0.0,0.0,0
EDFO11B,Tijolo,Lajes Corporativas,196.01,5,1.64,0.75,2.56,5.08,9.29,0.85,0.85,0.77,8.58,10.6,11.43,10.95,45269820.27,191.82,1.02,0.86,-0.03,0.82,7.83,0.071,0.0,1
PORD11,Papel,Títulos e Val. Mob.,89.95,5425,0.9,0.99,3.09,7.03,15.57,1.03,1.17,1.3,15.57,-4.19,-3.25,12.51,363888508.94,97.6,0.92,0.92,-0.27,0.65,9.21,0.0,0.0,0
BARI11,Papel,Títulos e Val. Mob.,85.73,13540,0.9,0.96,3.06,7.0,14.2,1.02,1.17,1.18,12.9,-0.81,0.14,2.11,461681838.32,99.63,0.86,0.9,-0.7,0.19,8.18,0.0,0.0,0
JGPX11,Papel,Híbrido,95.51,852,1.15,1.19,3.57,6.95,0.0,1.19,1.16,0.0,12.88,-0.11,1.07,13.67,8139249.67,95.97,1.0,1.17,0.08,1.25,10.88,0.0,0.0,0
BBIM11,Papel,Títulos e Val. Mob.,0.0,0,0.43,0.0,0.0,0.0,0.0,0.0,0.0,0.0,0.0,0.0,0.0,0.0,31417779.17,30.36,0.0,1.42,-2.38,-1.0,-30.31,0.0,0.0,0
RBHY11,Papel,Títulos e Val. Mob.,93.32,2221,1.2,1.25,3.9,8.34,16.67,1.3,1.39,1.39,14.73,-1.25,-0.02,8.07,17913107.06,94.54,0.99,1.27,-0.77,0.49,12.61,0.0,0.0,0
CXCE11B,Papel,Outros,40.14,1253,0.45,1.07,3.09,5.85,11.0,1.03,0.98,0.92,10.18,-0.52,0.55,2.92,110989765.24,64.79,0.62,0.7,-0.04,0.66,-0.68,0.0,0.0,1
BBGO11,Papel,Títulos e Val. Mob.,78.02,4419,0.8,0.94,3.07,5.79,0.0,1.02,0.96,0.0,8.16,0.44,1.38,5.6,392249829.74,97.94,0.8,1.02,-0.09,0.93,8.1,0.0,0.0,0
KNCA11,Papel,Títulos e Val. Mob.,105.11,12075,1.4,1.32,3.94,7.6,0.0,1.31,1.27,0.0,12.15,-2.19,-0.9,8.91,827704658.59,102.19,1.03,1.42,0.07,1.49,11.27,0.0,0.0,0
VCRA11,Papel,Títulos e Val. Mob.,104.5,813,1.4,1.31,1.31,0.0,0.0,0.44,0.0,0.0,1.31,0.0,1.31,1.31,20193976.91,102.38,1.02,1.47,0.0,1.47,1.47,0.0,0.0,0
RMAI11,Tijolo,Lajes Corporativas,44.98,42,0.26,0.55,1.71,3.83,7.84,0.57,0.64,0.65,7.84,4.22,4.8,26.77,26427689.75,108.04,0.42,0.24,-0.05,0.19,2.15,0.23440000000000003,0.0,1
CYCR11,Papel,Títulos e Val. Mob.,8.55,51219,0.1,1.16,3.53,6.8,14.6,1.18,1.13,1.22,12.91,2.49,3.68,-90.27,155109836.7,95.07,0.09,0.11,-0.69,-0.59,6.16,0.0,0.0,0
HCHG11,Papel,Outros,83.85,163,1.0,1.14,3.43,6.77,12.56,1.14,1.13,1.05,11.65,-1.55,-0.43,11.04,12079298.44,100.07,0.84,1.0,-0.38,0.61,13.16,0.0,0.0,0
SPTW11,Tijolo,Lajes Corporativas,40.2,2871,0.42,1.05,2.9,5.71,11.08,0.97,0.95,0.92,10.22,-7.57,-6.6,-1.85,95616447.81,53.18,0.76,0.79,0.09,0.88,8.73,0.0,0.0,1
RBRD11,Papel,Híbrido,34.59,3652,0.3,0.81,2.31,5.0,10.45,0.77,0.83,0.87,10.03,-5.76,-4.99,-4.93,126703668.81,68.42,0.51,0.44,0.05,0.49,0.83,0.1552,0.0,4
SADI11,Papel,Títulos e Val. Mob.,89.25,4438,1.05,1.16,3.48,6.98,13.15,1.16,1.16,1.1,13.15,0.53,1.7,13.68,315484399.19,99.2,0.9,1.06,-0.88,0.17,9.92,0.0,0.0,0
HBRH11,Papel,Híbrido,85.0,494,0.61,0.65,1.95,4.25,9.58,0.65,0.71,0.8,8.54,-2.71,-2.08,12.34,31451483.6,113.29,0.75,0.53,0.1,0.63,7.47,0.0,0.0,3
VOTS11,Papel,Títulos e Val. Mob.,81.97,2,0.86,1.07,2.88,6.66,14.2,0.96,1.11,1.18,13.32,-4.4,-3.38,8.84,7744650.2,93.54,0.88,0.92,-1.43,-0.53,8.0,0.0,0.0,0
IDFI11,Papel,Híbrido,51.98,79,0.29,0.55,1.54,5.94,14.29,0.51,0.99,1.19,12.64,-16.08,-15.62,-42.14,122800198.55,59.67,0.87,0.48,-1.6,-1.13,-18.15,0.0,0.0,0
RBRS11,Papel,Híbrido,51.1,4,0.48,0.87,2.2,4.59,8.71,0.73,0.77,0.73,8.06,-10.75,-9.97,-11.64,163288355.92,94.15,0.54,0.51,5.05,5.58,5.52,0.0,0.0,0
BPFF11,Papel,Títulos e Val. Mob.,63.35,3797,0.62,0.96,2.87,6.25,11.97,0.96,1.04,1.0,11.13,-6.52,-5.62,4.9,333701530.45,74.28,0.85,0.83,-5.1,-4.31,3.18,0.0,0.0,0
PLCR11,Papel,Híbrido,82.83,4336,1.0,1.17,3.68,7.86,15.1,1.23,1.31,1.26,13.97,-1.88,-0.72,10.7,191604396.1,90.84,0.91,1.1,-1.64,-0.56,9.06,0.0,0.0,0
SPVJ11,Papel,Outros,69.4,550,0.67,0.97,1.93,1.93,1.93,0.64,0.32,0.16,1.93,-0.62,0.35,1.31,73710972.76,116.76,0.59,0.57,0.08,0.66,16.02,0.0,0.0,0
SPVJ11,Papel,Outros,69.11,284,0.67,0.97,1.93,1.93,1.93,0.64,0.32,0.16,1.93,-0.62,0.35,1.31,73710972.76,116.76,0.59,0.57,0.08,0.66,16.02,0.0,0.0,0
SPVJ11,Papel,Outros,69.31,274,0.67,0.97,1.93,1.93,1.93,0.64,0.32,0.16,1.93,-0.62,0.35,1.31,73710972.76,116.76,0.59,0.57,0.08,0.66,16.02,0.0,0.0,0
SPVJ11,Papel,Outros,69.68,275,0.67,0.97,1.93,1.93,1.93,0.64,0.32,0.16,1.93,-0.62,0.35,1.31,73710972.76,116.76,0.6,0.57,0.08,0.66,16.02,0.0,0.0,0
SPVJ11,Papel,Outros,69.47,578,0.67,0.97,1.93,1.93,1.93,0.64,0.32,0.16,1.93,-0.62,0.35,1.31,73710972.76,116.76,0.59,0.57,0.08,0.66,16.02,0.0,0.0,0
SPVJ11,Papel,Outros,69.34,182,0.67,0.97,1.93,1.93,1.93,0.64,0.32,0.16,1.93,-0.62,0.35,1.31,73710972.76,116.76,0.59,0.57,0.08,0.66,16.02,0.0,0.0,0
SPVJ11,Papel,Outros,69.45,235,0.67,0.97,1.93,1.93,1.93,0.64,0.32,0.16,1.93,-0.62,0.35,1.31,73710972.76,116.76,0.59,0.57,0.08,0.66,16.02,0.0,0.0,0
SPVJ11,Papel,Outros,69.47,735,0.67,0.97,1.93,1.93,1.93,0.64,0.32,0.16,1.93,-0.62,0.35,1.31,73710972.76,116.76,0.59,0.57,0.08,0.66,16.02,0.0,0.0,0
SPVJ11,Papel,Outros,69.07,387,0.67,0.97,1.93,1.93,1.93,0.64,0.32,0.16,1.93,-0.62,0.35,1.31,73710972.76,116.76,0.59,0.57,0.08,0.66,16.02,0.0,0.0,0
KNIP11,Papel,Títulos e Val. Mob.,88.4,112639,0.5,0.55,1.25,4.43,12.85,0.42,0.74,1.07,11.43,-3.82,-3.29,-2.1,7645646524.33,94.8,0.93,0.53,-1.9,-1.38,9.16,0.0,0.0,0
KNCR11,Papel,Títulos e Val. Mob.,96.89,106963,1.1,1.11,3.4,6.98,12.65,1.13,1.16,1.05,12.65,-0.9,0.2,9.22,5747307324.41,100.66,0.96,1.09,-0.02,1.08,11.76,0.0,0.0,0
VLOL11,Tijolo,Lajes Corporativas,98.51,196,0.61,0.6,1.74,3.44,6.91,0.58,0.57,0.58,6.35,-3.61,-3.03,16.25,18494072.85,103.62,0.95,0.59,-0.02,0.57,5.31,0.0,0.0,1
JSAF11,Papel,Títulos e Val. Mob.,82.0,4875,0.93,1.13,3.17,6.52,0.0,1.06,1.09,0.0,12.01,-12.4,-11.41,12.19,14873844.41,94.13,0.87,0.99,-4.06,-3.12,7.12,0.0,0.0,0
VILG11,Tijolo,Logística,94.31,20542,0.72,0.7,2.03,4.21,8.35,0.68,0.7,0.7,7.68,-6.31,-5.65,7.96,1704831705.48,113.68,0.83,0.63,-0.28,0.35,6.85,0.0,0.0,16
RBED11,Papel,Outros,117.95,1001,1.23,1.0,2.86,5.78,11.25,0.95,0.96,0.94,10.42,-6.67,-5.74,13.61,31706279.24,144.36,0.82,0.85,2.26,3.13,11.72,0.0,0.0,5
RBVA11,Papel,Outros,91.01,6901,1.07,1.16,3.38,6.74,12.39,1.13,1.12,1.03,11.5,-4.19,-3.08,4.7,1195827465.24,103.19,0.88,1.04,0.12,1.16,11.23,0.006999999999999999,0.0,72
CXAG11,Papel,Outros,75.55,792,0.75,0.97,2.84,5.89,0.0,0.95,0.98,0.0,9.79,-4.03,-3.1,11.92,24047750.46,114.82,0.66,0.65,0.04,0.7,18.24,0.0,0.0,0
XPHT11,Tijolo,Hotel,107.8,2026,1.5,1.32,4.11,5.62,7.41,1.37,0.94,0.62,6.01,4.37,5.74,23.39,358343595.71,94.19,1.14,1.59,-0.08,1.51,6.74,0.649,0.0,5
RBVO11,Papel,Outros,10.45,251,0.02,0.18,0.63,1.65,3.53,0.21,0.27,0.29,3.12,-0.54,-0.36,-7.49,8957446.15,17.37,0.6,0.12,-0.59,-0.47,-22.44,0.0,0.0,0
KINP11,Tijolo,Residencial,8.06,1712,0.24,2.96,5.85,12.24,0.0,1.95,2.04,0.0,19.17,-12.0,-9.4,-30.81,34338416.73,4.8,1.68,5.01,-6.28,-1.58,1.04,0.0,0.0,0
HTMX11,Tijolo,Hotel,107.01,1710,1.27,1.13,2.7,3.5,6.15,0.9,0.58,0.51,2.7,-3.26,-2.17,2.74,197844728.7,131.52,0.81,0.97,-0.42,0.55,7.47,0.65,0.0,23
VCRR11,Tijolo,Residencial,68.93,2935,0.67,0.93,2.64,5.36,10.71,0.88,0.89,0.89,9.86,-4.77,-3.88,2.34,24055982.84,120.03,0.57,0.56,0.06,0.62,6.67,0.0,0.0,0
HUSC11,Papel,Outros,105.0,206,0.87,0.82,2.35,5.19,9.02,0.78,0.87,0.75,8.53,-10.17,-9.43,2.82,116140135.5,146.16,0.72,0.6,2.35,2.96,7.11,0.0,0.0,0
NEWL11,Papel,Híbrido,92.17,1141,0.9,0.93,2.71,6.37,11.69,0.9,1.06,0.97,10.37,-4.36,-3.47,4.38,245981102.26,120.99,0.76,0.74,-0.31,0.44,13.74,0.0,0.0,2
HSRE11,Papel,Híbrido,102.49,20,0.63,0.62,1.87,3.69,7.37,0.62,0.61,0.61,6.49,0.65,1.28,8.28,819397969.15,96.2,1.07,0.65,-0.04,0.62,5.83,0.0,0.0,29
QAMI11,Papel,Híbrido,82.28,576,0.8,0.98,2.89,6.63,14.76,0.96,1.1,1.23,13.17,-2.95,-2.0,-6.16,73333958.7,91.51,0.9,0.87,-1.61,-0.75,10.69,0.0,0.0,0
OUJP11,Papel,Títulos e Val. Mob.,95.5,8701,1.2,1.26,3.8,8.07,15.94,1.27,1.34,1.33,14.91,-0.14,1.12,20.84,32529599.13,99.94,0.96,1.2,-1.18,0.01,13.55,0.0,0.0,0
VGHF11,Papel,Títulos e Val. Mob.,8.95,278675,0.1,1.11,2.98,6.7,15.68,0.99,1.12,1.31,13.88,-5.67,-4.62,0.17,67178212.91,9.22,0.97,1.08,-1.7,-0.64,12.47,0.0,0.0,0
LGCP11,Tijolo,Logística,75.75,2624,0.62,0.76,2.22,4.53,8.98,0.74,0.76,0.75,8.3,-3.09,-2.35,8.23,280911914.99,102.79,0.74,0.6,0.02,0.62,7.54,0.005,0.0,5
KFOF11,Papel,Títulos e Val. Mob.,73.61,15716,0.72,0.88,2.47,4.99,10.21,0.82,0.83,0.85,10.21,-8.8,-7.99,40.75,417351938.43,92.06,0.8,0.78,-6.43,-5.7,6.11,0.0,0.0,0
HSML11,Tijolo,Shoppings,78.7,26653,0.68,0.83,2.36,4.76,9.16,0.79,0.79,0.76,8.52,-8.76,-8.0,16.4,1536624397.06,97.37,0.81,0.7,-0.19,0.51,4.26,0.045,0.0,6
XPCI11,Papel,Outros,79.14,20261,0.6,0.71,2.48,5.69,12.66,0.83,0.95,1.06,11.66,-2.86,-2.17,-2.35,814711734.76,93.63,0.85,0.64,-1.97,-1.34,10.11,0.0,0.0,0
BRCO11,Tijolo,Logística,93.7,38177,0.7,0.68,1.96,4.04,7.85,0.65,0.67,0.65,7.24,-6.35,-5.71,13.32,1796316141.41,121.55,0.77,0.58,2.01,2.6,8.31,0.0,0.0,10
VINO11,Tijolo,Lajes Corporativas,45.07,26753,0.34,0.69,2.05,4.26,8.6,0.68,0.71,0.72,7.72,-1.58,-0.9,2.89,892828948.06,53.9,0.84,0.63,-0.44,0.18,4.17,0.042,0.0,9
PQDP11,Tijolo,Shoppings,205.06,70,16.64,0.78,2.4,4.52,8.85,0.8,0.75,0.74,6.84,-5.33,-4.59,11.83,813718968.26,3314.36,0.6,0.5,0.07,0.57,1.7,0.036000000000000004,0.0,1
BBPO11,Tijolo,Lajes Corporativas,84.75,24063,0.92,1.03,3.02,6.31,12.29,1.01,1.05,1.02,11.34,-3.89,-2.9,6.28,1597919446.83,100.37,0.84,0.92,0.06,0.98,15.85,0.0,0.0,64
BCIA11,Papel,Títulos e Val. Mob.,82.35,5827,0.76,0.9,2.55,5.15,9.98,0.85,0.86,0.83,9.24,-7.64,-6.81,7.32,376215413.97,101.16,0.81,0.75,-5.66,-4.95,4.65,0.0,0.0,0
GESE11B,Papel,Outros,73.97,312,14.04,18.78,18.78,18.78,0.0,6.26,3.13,0.0,18.78,0.0,18.78,18.78,91931589.5,1767.92,0.04,0.79,0.0,0.79,2.41,0.0,0.0,0
GESE11B,Papel,Outros,73.81,1684,14.04,18.78,18.78,18.78,0.0,6.26,3.13,0.0,18.78,0.0,18.78,18.78,91931589.5,1767.92,0.04,0.79,0.0,0.79,2.41,0.0,0.0,0
GESE11B,Papel,Outros,74.5,628,14.04,18.78,18.78,18.78,0.0,6.26,3.13,0.0,18.78,0.0,18.78,18.78,91931589.5,1767.92,0.04,0.79,0.0,0.79,2.41,0.0,0.0,0
GESE11B,Papel,Outros,74.64,526,14.04,18.78,18.78,18.78,0.0,6.26,3.13,0.0,18.78,0.0,18.78,18.78,91931589.5,1767.92,0.04,0.79,0.0,0.79,2.41,0.0,0.0,0
GESE11B,Papel,Outros,74.48,434,14.04,18.78,18.78,18.78,0.0,6.26,3.13,0.0,18.78,0.0,18.78,18.78,91931589.5,1767.92,0.04,0.79,0.0,0.79,2.41,0.0,0.0,0
GESE11B,Papel,Outros,74.35,541,14.04,18.78,18.78,18.78,0.0,6.26,3.13,0.0,18.78,0.0,18.78,18.78,91931589.5,1767.92,0.04,0.79,0.0,0.79,2.41,0.0,0.0,0
GESE11B,Papel,Outros,74.27,602,14.04,18.78,18.78,18.78,0.0,6.26,3.13,0.0,18.78,0.0,18.78,18.78,91931589.5,1767.92,0.04,0.79,0.0,0.79,2.41,0.0,0.0,0
GESE11B,Papel,Outros,74.75,513,14.04,18.78,18.78,18.78,0.0,6.26,3.13,0.0,18.78,0.0,18.78,18.78,91931589.5,1767.92,0.04,0.79,0.0,0.79,2.41,0.0,0.0,0
BICE11,Papel,Títulos e Val. Mob.,950.0,26,16.0,1.68,0.0,0.0,0.0,0.0,0.0,0.0,1.68,0.0,1.68,1.68,21446128.25,117.8,0.93,1.57,5.06,6.71,8.19,0.0,0.0,0
KNSC11,Papel,Títulos e Val. Mob.,83.42,44455,0.75,0.88,2.04,5.01,12.55,0.68,0.84,1.05,11.11,-4.19,-3.34,-4.72,1176250630.59,88.6,0.94,0.85,-1.15,-0.31,9.95,0.0,0.0,0
RBFF11,Papel,Títulos e Val. Mob.,50.37,9881,0.51,0.97,2.81,5.5,10.92,0.94,0.92,0.91,10.1,-5.58,-4.66,4.78,239928753.34,63.99,0.79,0.8,-4.94,-4.19,6.43,0.0,0.0,0
SDIL11,Tijolo,Logística,88.04,12700,0.82,0.89,2.55,5.05,10.11,0.85,0.84,0.84,9.28,-3.39,-2.53,16.68,628810333.38,98.33,0.9,0.83,-0.22,0.61,9.86,0.026000000000000002,0.0,5
PQAG11,Tijolo,Logística,54.0,52,0.44,0.79,2.36,4.55,8.71,0.79,0.76,0.73,8.04,2.73,3.54,7.36,801384144.58,57.27,0.94,0.77,-0.03,0.74,9.04,0.0,0.0,1
VCJR11,Papel,Títulos e Val. Mob.,89.1,11606,0.43,0.48,0.91,4.03,12.43,0.3,0.67,1.04,10.86,-3.39,-2.92,2.13,138604425.36,94.13,0.95,0.46,-1.54,-1.09,11.45,0.0,0.0,0
WPLZ11,Tijolo,Shoppings,83.0,53,0.6,0.71,1.96,3.83,6.36,0.65,0.64,0.53,5.84,6.0,6.75,25.29,105130234.67,102.99,0.81,0.58,0.06,0.64,4.68,0.11,0.0,1
NVHO11,Tijolo,Hospital,10.16,96,0.08,0.84,2.41,4.6,8.1,0.8,0.77,0.67,6.78,-4.86,-4.06,2.95,529260583.43,12.75,0.8,0.65,0.05,0.7,6.35,0.0,0.0,1
RNDP11,Papel,Títulos e Val. Mob.,142.2,19,0.77,0.51,2.22,5.14,10.27,0.74,0.86,0.86,9.64,-41.06,-40.76,-72.29,20370268.04,189.52,0.75,0.41,-40.99,-40.75,-69.57,0.0,0.0,0
KNRI11,Papel,Híbrido,136.5,22462,0.91,0.64,1.87,3.77,7.45,0.62,0.63,0.62,6.83,-2.27,-1.64,14.86,3867931624.08,160.12,0.85,0.57,-0.09,0.47,7.86,0.02,0.0672,20
VIUR11,Papel,Títulos e Val. Mob.,7.24,19606,0.07,0.99,2.78,5.67,11.39,0.93,0.95,0.95,10.48,-8.56,-7.66,-89.4,256267930.82,9.51,0.76,0.76,-0.12,0.64,-89.31,0.0,0.0,6
LUGG11,Tijolo,Residencial,70.3,113,0.52,0.72,2.09,4.1,8.21,0.7,0.68,0.68,7.56,-6.67,-5.99,-10.45,115118749.86,127.87,0.55,0.41,0.07,0.48,7.38,0.024,0.0,4
TGAR11,Papel,Outros,114.51,27703,1.5,1.24,3.76,7.69,14.34,1.25,1.28,1.2,13.33,-2.72,-1.51,12.36,1296364862.05,114.63,1.0,1.31,-2.0,-0.72,-0.98,0.0,0.0,0
HLOG11,Tijolo,Logística,85.76,150,0.65,0.71,2.07,4.23,8.47,0.69,0.7,0.71,7.81,-2.08,-1.38,6.76,471945228.55,111.05,0.77,0.59,-0.07,0.51,5.12,0.58,0.0,3
PLRI11,Papel,Títulos e Val. Mob.,25.09,280,0.12,0.54,2.48,4.06,12.01,0.83,0.68,1.0,11.49,-2.35,-1.83,-35.12,31458226.66,32.96,0.76,0.36,-1.08,-0.73,-14.02,0.0,0.0,0
BBRC11,Papel,Outros,94.46,513,0.99,1.03,3.0,5.94,11.54,1.0,0.99,0.96,10.7,-4.09,-3.1,6.6,169528869.45,106.62,0.89,0.93,-0.09,0.84,9.3,0.0537,0.0108,20
RRCI11,Papel,Títulos e Val. Mob.,84.51,10106,0.9,1.04,3.46,7.72,16.26,1.15,1.29,1.36,16.26,3.78,4.86,16.47,45496558.4,94.44,0.89,0.95,-1.49,-0.56,10.78,0.0,0.0,0
ATSA11,Tijolo,Shoppings,80.86,3,0.05,0.06,0.19,0.78,2.61,0.06,0.13,0.22,0.19,2.62,2.68,-2.36,15845108.63,90.48,0.89,0.06,0.17,0.22,0.83,0.21899999999999997,0.0,1
VTLT11,Tijolo,Logística,95.0,2978,0.83,0.88,2.59,5.32,10.56,0.86,0.89,0.88,9.78,-3.68,-2.83,12.83,217798220.61,102.98,0.92,0.81,0.05,0.86,8.91,0.0,0.0,1
BCRI11,Papel,Títulos e Val. Mob.,91.81,8700,1.0,1.03,3.07,6.9,14.09,1.02,1.15,1.17,12.84,-5.28,-4.31,-0.72,630434754.76,100.74,0.91,0.99,-0.93,0.05,6.21,0.0,0.0,0
TEPP11,Tijolo,Lajes Corporativas,66.39,9200,0.5,0.67,1.87,3.87,8.0,0.62,0.65,0.67,7.32,-6.1,-5.48,9.93,380930502.55,90.23,0.74,0.55,-0.09,0.46,4.65,0.0906,0.18030000000000002,5
PATC11,Tijolo,Lajes Corporativas,66.7,3513,0.28,0.39,1.44,3.77,6.54,0.48,0.63,0.54,6.07,-5.71,-5.34,16.85,27574888.5,79.1,0.84,0.35,-7.17,-6.84,-4.71,0.21899999999999997,0.18899999999999997,6
APTO11,Papel,Híbrido,8.8,2088,0.1,1.14,3.23,6.93,0.0,1.08,1.16,0.0,12.21,-3.72,-2.63,-1.73,39999841.8,9.97,0.88,1.0,-0.78,0.22,13.14,0.0,0.0,0
HSLG11,Tijolo,Logística,85.0,9852,0.7,0.79,2.27,4.56,8.74,0.76,0.76,0.73,8.14,-5.27,-4.53,7.36,13329824.31,105.22,0.81,0.67,-0.05,0.62,0.99,0.011000000000000001,0.0,5
MALL11,Tijolo,Shoppings,99.81,18715,0.78,0.74,2.19,4.35,8.63,0.73,0.72,0.72,7.96,-4.08,-3.37,18.52,815447626.24,107.86,0.93,0.72,1.59,2.33,3.97,0.04,0.0,8
PVBI11,Tijolo,Lajes Corporativas,87.01,21714,0.57,0.63,1.79,3.6,7.31,0.6,0.6,0.61,5.43,-5.4,-4.8,11.45,140547991.88,103.65,0.84,0.55,4.63,5.2,8.21,0.001,0.0,4
STRX11,Papel,Híbrido,22.96,3180000,0.71,3.09,3.81,3.81,3.81,1.27,0.64,0.32,3.81,-79.13,-78.48,-78.33,227282512.77,140.86,0.16,0.5,0.01,0.51,5.95,0.0,0.0,0
BBFO11,Papel,Títulos e Val. Mob.,66.62,1092,0.6,0.87,2.63,6.12,12.25,0.88,1.02,1.02,11.38,-4.99,-4.16,6.34,329780504.06,82.36,0.81,0.73,-4.19,-3.49,4.75,0.0,0.0,0
SHPH11,Tijolo,Shoppings,731.0,139,2.7,0.35,1.35,2.9,5.74,0.45,0.48,0.48,5.25,-0.51,-0.16,1.97,54152343.17,889.27,0.82,0.3,0.02,0.33,3.96,0.10800000000000001,0.0,1
CACR11,Papel,Híbrido,100.45,4921,1.42,1.41,4.4,8.8,16.0,1.47,1.47,1.33,14.57,0.02,1.43,8.01,18691455.46,103.41,0.97,1.37,-0.05,1.32,37.55,0.0,0.0,0
FPAB11,Tijolo,Lajes Corporativas,122.02,760,1.65,0.84,2.44,4.78,9.0,0.81,0.8,0.75,8.31,-2.01,-1.19,-2.78,307829393.41,410.44,0.3,0.4,0.0,0.4,4.53,0.3379,0.0,1
HABT11,Papel,Títulos e Val. Mob.,83.04,25789,0.92,1.07,3.09,6.74,13.89,1.03,1.12,1.16,12.71,-9.94,-8.98,-12.34,81171447.81,99.8,0.83,0.92,0.14,1.06,15.75,0.0,0.0,0
GTWR11,Tijolo,Lajes Corporativas,72.8,15795,0.74,0.94,2.73,5.71,11.23,0.91,0.95,0.94,10.41,-6.5,-5.62,3.22,1176568905.64,98.05,0.74,0.75,0.03,0.79,8.09,0.0,0.0,1
XPLG11,Tijolo,Logística,97.32,74206,0.74,0.74,2.12,4.28,8.33,0.71,0.71,0.69,7.71,-7.1,-6.41,9.2,3102791995.75,114.49,0.85,0.65,0.19,0.84,11.47,0.08800000000000001,0.012,13
ARRI11,Papel,Títulos e Val. Mob.,9.08,41200,0.13,1.45,4.2,8.02,16.52,1.4,1.34,1.38,14.73,-2.81,-1.41,-89.65,11123562.27,9.1,1.0,1.43,-2.15,-0.75,-88.87,0.0,0.0,0
RDPD11,Papel,Títulos e Val. Mob.,27.57,2196,0.32,1.11,3.36,6.77,13.17,1.12,1.13,1.1,12.36,-18.35,-17.45,-42.59,36596919.0,33.95,0.81,0.94,-37.05,-36.45,-36.01,0.0,0.0,0
LASC11,Tijolo,Shoppings,91.87,5,0.81,0.88,2.69,4.45,8.16,0.9,0.74,0.68,8.16,-0.12,0.76,10.74,322496630.19,109.68,0.84,0.74,-0.24,0.5,2.3,0.024,0.0,3
VRTA11,Papel,Títulos e Val. Mob.,85.4,33302,0.9,0.98,3.08,6.67,13.8,1.03,1.11,1.15,13.8,-4.11,-3.18,-3.6,1433324842.33,91.92,0.93,0.98,-2.34,-1.39,8.87,0.0,0.0,0
HGPO11,Tijolo,Lajes Corporativas,261.61,981,1.6,0.62,1.86,3.58,6.73,0.62,0.6,0.56,6.18,1.11,1.73,6.77,469168146.63,267.63,0.98,0.6,-0.05,0.54,5.96,0.0499,0.027200000000000002,2
BLMO11,Tijolo,Lajes Corporativas,2000.0,40,26.02,0.0,0.0,0.0,0.0,0.0,0.0,0.0,0.0,0.0,0.0,-22.41,11224580.74,29561.52,0.68,0.09,0.22,0.31,13.59,0.0,0.0,1
BTSG11,Papel,Híbrido,100.0,1,0.86,0.86,2.58,2.58,0.0,0.86,0.43,0.0,2.58,-1.15,-0.3,1.43,103341940.15,133.34,0.75,0.64,0.0,0.65,6.02,0.0,0.0,0
SARE11,Papel,Híbrido,66.75,18735,0.64,0.92,2.6,5.37,10.57,0.87,0.9,0.88,9.66,-10.06,-9.23,5.55,873456265.06,94.59,0.71,0.68,-3.24,-2.58,2.42,0.062,0.0,3
HPDP11,Tijolo,Shoppings,73.01,120,0.5,0.63,1.95,3.56,6.91,0.65,0.59,0.58,6.27,0.5,1.13,1.64,276336993.11,95.0,0.77,0.53,0.14,0.67,5.81,0.02,0.0,1
HFOF11,Papel,Títulos e Val. Mob.,67.25,16313,0.62,0.88,2.44,5.0,9.68,0.81,0.83,0.81,8.95,-11.1,-10.32,-2.33,1889756796.91,82.16,0.82,0.75,-4.45,-3.73,4.99,0.0,0.0,0
HREC11,Papel,Títulos e Val. Mob.,81.0,3271,0.95,1.15,3.04,6.42,12.64,1.01,1.07,1.05,11.62,-8.36,-7.31,-3.39,462332546.07,89.66,0.9,1.06,-1.8,-0.76,9.87,0.0,0.0,0
VSHO11,Tijolo,Shoppings,69.23,620,0.68,0.91,2.31,4.62,9.18,0.77,0.77,0.77,8.43,-0.79,0.12,3.11,207582986.09,98.91,0.7,0.69,0.13,0.82,3.57,0.12960000000000002,0.0,3
VISC11,Tijolo,Shoppings,100.71,22355,0.76,0.73,2.05,4.09,8.29,0.68,0.68,0.69,7.51,-8.08,-7.4,11.16,233799531.34,114.93,0.88,0.66,-0.04,0.62,5.92,0.083,0.0,15
KCRE11,Papel,Renda,86.51,4924,0.51,0.56,0.0,0.0,0.0,0.0,0.0,0.0,1.29,-4.98,-4.44,1.32,356256428.84,98.96,0.87,0.52,-1.96,-1.46,1.56,0.0,0.0,0
KNHY11,Papel,Títulos e Val. Mob.,96.35,31907,0.9,0.94,1.8,4.99,12.97,0.6,0.83,1.08,11.6,-3.31,-2.4,0.52,1806172257.8,97.68,0.99,0.92,-0.96,-0.05,11.79,0.0,0.0,0
URPR11,Papel,Outros,95.5,33385,1.11,1.13,3.53,7.85,16.99,1.18,1.31,1.42,15.54,-2.77,-1.68,-4.38,1159743349.68,99.33,0.96,1.12,-1.74,-0.64,22.93,0.0,0.0,0
NVIF11B,Papel,Outros,95.9,88,0.44,0.46,0.46,0.46,0.46,0.15,0.08,0.04,0.46,0.0,0.46,0.46,99753245.0,295.65,0.32,0.15,2.87,3.03,17.7,0.0,0.0,0
NVIF11B,Papel,Outros,95.96,971,0.44,0.46,0.46,0.46,0.46,0.15,0.08,0.04,0.46,0.0,0.46,0.46,99753245.0,295.65,0.32,0.15,2.87,3.03,17.7,0.0,0.0,0
NVIF11B,Papel,Outros,95.96,1257,0.44,0.46,0.46,0.46,0.46,0.15,0.08,0.04,0.46,0.0,0.46,0.46,99753245.0,295.65,0.32,0.15,2.87,3.03,17.7,0.0,0.0,0
NVIF11B,Papel,Outros,96.52,1760,0.44,0.46,0.46,0.46,0.46,0.15,0.08,0.04,0.46,0.0,0.46,0.46,99753245.0,295.65,0.33,0.15,2.87,3.03,17.7,0.0,0.0,0
NVIF11B,Papel,Outros,96.14,1449,0.44,0.46,0.46,0.46,0.46,0.15,0.08,0.04,0.46,0.0,0.46,0.46,99753245.0,295.65,0.33,0.15,2.87,3.03,17.7,0.0,0.0,0
NVIF11B,Papel,Outros,96.15,1508,0.44,0.46,0.46,0.46,0.46,0.15,0.08,0.04,0.46,0.0,0.46,0.46,99753245.0,295.65,0.33,0.15,2.87,3.03,17.7,0.0,0.0,0
NVIF11B,Papel,Outros,95.92,558,0.44,0.46,0.46,0.46,0.46,0.15,0.08,0.04,0.46,0.0,0.46,0.46,99753245.0,295.65,0.32,0.15,2.87,3.03,17.7,0.0,0.0,0
NVIF11B,Papel,Outros,95.81,2665,0.44,0.46,0.46,0.46,0.46,0.15,0.08,0.04,0.46,0.0,0.46,0.46,99753245.0,295.65,0.32,0.15,2.87,3.03,17.7,0.0,0.0,0
NVIF11B,Papel,Outros,96.2,1534,0.44,0.46,0.46,0.46,0.46,0.15,0.08,0.04,0.46,0.0,0.46,0.46,99753245.0,295.65,0.33,0.15,2.87,3.03,17.7,0.0,0.0,0
LVBI11,Tijolo,Logística,97.25,25313,0.75,0.72,2.07,4.3,8.67,0.69,0.72,0.72,6.47,-3.12,-2.43,18.67,1360113106.61,115.51,0.84,0.65,-0.03,0.62,4.47,0.005,0.0,10
JPPA11,Papel,Títulos e Val. Mob.,104.45,4807,1.4,1.34,4.24,9.46,18.85,1.41,1.58,1.57,17.43,-0.41,0.93,27.17,79272816.93,99.04,1.05,1.41,-0.73,0.67,11.76,0.0,0.0,0
RZTR11,Papel,Híbrido,95.43,49154,1.25,1.26,3.68,7.29,14.62,1.23,1.22,1.22,15.83,-3.48,-2.26,12.77,166756882.78,97.31,0.98,1.28,0.0,1.29,10.37,0.0,0.0,10
BICR11,Papel,Títulos e Val. Mob.,90.6,8,1.1,1.07,2.78,4.75,9.37,0.93,0.79,0.78,8.78,0.89,1.97,19.03,49612197.01,99.22,0.91,1.11,-1.64,-0.55,8.67,0.0,0.0,0
EVBI11,Papel,Híbrido,95.99,405,0.75,0.78,2.29,4.57,9.42,0.76,0.76,0.79,6.98,-2.52,-1.76,11.22,167685996.26,100.21,0.96,0.75,-0.71,0.03,7.7,0.0,0.0,4
HGRE11,Tijolo,Lajes Corporativas,120.25,16977,0.78,0.6,1.73,3.51,8.35,0.58,0.58,0.7,6.33,-5.8,-5.23,4.46,190665147.81,161.29,0.75,0.48,-0.12,0.36,2.41,0.2713,0.2917,21
NSLU11,Tijolo,Hospital,166.0,3030,1.5,0.9,2.26,4.0,9.09,0.75,0.67,0.76,3.32,2.51,3.43,18.95,251911778.36,194.78,0.85,0.77,0.05,0.82,3.11,0.0,0.0,1
FIIP11B,Tijolo,Logística,146.04,406,1.35,0.89,2.59,5.12,9.83,0.86,0.85,0.82,9.09,-3.74,-2.89,1.53,172614502.38,186.18,0.78,0.73,-0.12,0.6,0.12,0.0,0.0,7
HGRU11,Papel,Híbrido,117.12,29996,0.82,0.66,1.97,4.26,8.74,0.66,0.71,0.73,8.74,-1.17,-0.51,24.39,2208731664.85,120.0,0.98,0.68,-0.37,0.31,9.23,0.0,0.0,17
ITIT11,Papel,Títulos e Val. Mob.,77.54,588,0.57,0.72,2.15,4.49,9.07,0.72,0.75,0.76,8.31,-2.74,-2.04,19.45,71737214.03,79.66,0.97,0.72,-5.82,-5.15,6.88,0.0,0.0,0
XPCM11,Tijolo,Lajes Corporativas,14.09,10549,0.17,1.14,2.72,5.49,10.86,0.91,0.92,0.91,10.37,-13.18,-12.19,-13.7,12443363.43,51.53,0.27,0.33,-0.77,-0.45,-2.97,1.0,0.0,1
XPPR11,Papel,Outros,32.11,16534,0.3,0.9,2.34,4.38,9.06,0.78,0.73,0.76,8.25,-19.15,-18.42,-43.28,54720346.86,74.77,0.43,0.4,0.05,0.45,-3.65,0.46,0.0,4
BNFS11,Papel,Outros,121.89,311,1.53,1.27,3.68,7.38,13.82,1.23,1.23,1.15,12.81,-3.21,-1.98,8.29,69454752.82,99.22,1.23,1.55,-0.03,1.51,13.72,0.0,0.0,18
ABCP11,Tijolo,Shoppings,69.77,507,0.6,0.81,2.24,4.52,9.34,0.75,0.75,0.78,8.51,-1.69,-0.89,8.38,1120589958.8,91.82,0.76,0.65,-0.18,0.47,7.12,0.075,0.0,1
BBFI11B,Tijolo,Lajes Corporativas,1920.0,66,26.69,1.4,4.22,8.54,16.4,1.41,1.42,1.37,14.74,0.53,1.93,-3.24,37112402.95,2854.8,0.67,0.93,0.12,1.06,6.06,0.3911,0.0,2
HAAA11,Tijolo,Lajes Corporativas,81.49,1,0.54,0.66,1.92,3.81,7.2,0.64,0.63,0.6,6.64,-5.17,-4.55,-9.05,310852216.86,89.97,0.91,0.6,-0.4,0.2,1.32,0.17,0.0,1
ITIP11,Papel,Títulos e Val. Mob.,79.46,293,0.74,0.94,2.97,6.67,13.79,0.99,1.11,1.15,12.6,-2.48,-1.57,9.41,60541434.99,80.92,0.98,0.91,-2.9,-2.01,2.57,0.0,0.0,0
CBOP11,Tijolo,Lajes Corporativas,53.3,297,0.49,0.89,2.62,5.92,13.9,0.87,0.99,1.16,9.77,-2.11,-1.24,-16.38,105832738.7,74.79,0.71,0.66,-0.6,0.05,-11.06,0.33590000000000003,0.3079,1
PATL11,Papel,Híbrido,69.53,7176,0.58,0.79,2.24,4.53,9.07,0.75,0.75,0.76,8.31,-7.82,-7.09,5.67,489199176.09,98.01,0.71,0.59,-0.1,0.49,6.74,0.0,0.0,4
EURO11,Tijolo,Logística,229.99,267,1.92,0.84,2.42,4.77,9.7,0.81,0.8,0.81,8.87,1.13,1.98,24.19,120137518.84,312.91,0.74,0.61,0.01,0.62,6.68,0.0,0.0,6
HGBS11,Tijolo,Shoppings,181.19,7015,1.4,0.73,2.03,4.16,8.12,0.68,0.69,0.68,7.55,-8.21,-7.53,23.25,216980062.57,216.98,0.84,0.65,-0.63,0.02,7.57,0.065,0.0,17
FIGS11,Tijolo,Shoppings,46.35,11612,0.39,0.78,2.17,4.39,8.52,0.72,0.73,0.71,7.88,-8.23,-7.51,-2.14,284387231.69,99.78,0.46,0.39,-0.01,0.38,4.38,0.13699999999999998,0.0,2
FIIB11,Papel,Híbrido,456.0,573,3.8,0.82,2.32,4.64,9.07,0.77,0.77,0.76,6.82,-4.93,-4.15,6.18,312133949.69,455.67,1.0,0.83,-0.1,0.74,7.62,0.06280000000000001,0.0,1
GALG11,Papel,Híbrido,9.13,23243,0.08,0.87,2.58,5.13,10.26,0.86,0.86,0.85,10.26,-1.36,-0.5,-98.92,538312589.17,9.36,0.97,0.88,-7.87,-7.06,-90.09,0.0,0.0,6
VJFD11,Papel,Híbrido,96.0,1745,1.02,1.06,1.06,1.06,0.0,0.35,0.18,0.0,1.06,0.0,1.06,1.06,647729783.52,132.84,0.72,0.77,0.03,0.8,2.43,0.0,0.0,0
VJFD11,Papel,Híbrido,96.26,5104,1.02,1.06,1.06,1.06,0.0,0.35,0.18,0.0,1.06,0.0,1.06,1.06,647729783.52,132.84,0.72,0.77,0.03,0.8,2.43,0.0,0.0,0
VJFD11,Papel,Híbrido,96.3,7905,1.02,1.06,1.06,1.06,0.0,0.35,0.18,0.0,1.06,0.0,1.06,1.06,647729783.52,132.84,0.72,0.77,0.03,0.8,2.43,0.0,0.0,0
VJFD11,Papel,Híbrido,96.35,6155,1.02,1.06,1.06,1.06,0.0,0.35,0.18,0.0,1.06,0.0,1.06,1.06,647729783.52,132.84,0.73,0.77,0.03,0.8,2.43,0.0,0.0,0
VJFD11,Papel,Híbrido,96.25,4742,1.02,1.06,1.06,1.06,0.0,0.35,0.18,0.0,1.06,0.0,1.06,1.06,647729783.52,132.84,0.72,0.77,0.03,0.8,2.43,0.0,0.0,0
VJFD11,Papel,Híbrido,96.25,3924,1.02,1.06,1.06,1.06,0.0,0.35,0.18,0.0,1.06,0.0,1.06,1.06,647729783.52,132.84,0.72,0.77,0.03,0.8,2.43,0.0,0.0,0
VJFD11,Papel,Híbrido,96.33,2746,1.02,1.06,1.06,1.06,0.0,0.35,0.18,0.0,1.06,0.0,1.06,1.06,647729783.52,132.84,0.73,0.77,0.03,0.8,2.43,0.0,0.0,0
VJFD11,Papel,Híbrido,96.32,5410,1.02,1.06,1.06,1.06,0.0,0.35,0.18,0.0,1.06,0.0,1.06,1.06,647729783.52,132.84,0.73,0.77,0.03,0.8,2.43,0.0,0.0,0
FVPQ11,Tijolo,Shoppings,100.0,128,0.55,0.52,1.83,3.55,7.78,0.61,0.59,0.65,7.1,-9.81,-9.33,10.59,556120262.6,198.6,0.5,0.28,-0.03,0.25,4.39,0.055,0.0,1
HGCR11,Papel,Títulos e Val. Mob.,99.81,28003,1.2,1.17,3.55,7.05,13.29,1.18,1.18,1.11,13.29,1.66,2.85,5.82,1560262166.7,101.2,0.99,1.19,-1.2,-0.03,12.64,0.0,0.0,0
HGLG11,Tijolo,Logística,159.92,43995,1.1,0.68,2.0,5.3,9.64,0.67,0.88,0.8,8.62,-1.96,-1.3,4.19,3466816466.82,147.8,1.08,0.74,0.37,1.11,9.68,0.069,0.065,17
VIFI11,Papel,Títulos e Val. Mob.,6.94,2433,0.06,0.83,2.42,4.96,10.1,0.81,0.83,0.84,9.23,-4.38,-3.58,1.32,71906199.08,8.89,0.78,0.67,-5.14,-4.5,-69.51,0.0,0.0,0
MXRF11,Papel,Híbrido,9.81,706186,0.08,0.8,2.8,6.07,12.38,0.93,1.01,1.03,12.38,-2.53,-1.75,24.29,2282646736.06,10.1,0.97,0.79,-0.97,-0.18,4.7,0.0,0.0,0
BTWR11,Tijolo,Lajes Corporativas,105.49,671,0.42,0.4,1.26,2.05,3.56,0.42,0.34,0.3,3.56,0.0,0.4,2.15,90555302.3,111.9,0.94,0.38,0.23,0.61,7.24,0.12,0.0,1
KISU11,Papel,Títulos e Val. Mob.,7.85,111926,0.08,0.92,2.72,5.76,10.98,0.91,0.96,0.92,10.12,-2.04,-1.14,10.86,388551604.86,8.79,0.89,0.85,-5.26,-4.46,2.09,0.0,0.0,0
TRXF11,Papel,Outros,101.58,27011,0.85,0.81,2.37,5.03,9.97,0.79,0.84,0.83,9.08,-4.22,-3.44,13.07,897393209.05,101.04,1.01,0.84,0.23,1.07,9.94,0.0,0.0,44
CXCO11,Tijolo,Lajes Corporativas,68.8,1643,0.72,1.03,2.89,5.74,10.93,0.96,0.96,0.91,10.13,-8.74,-7.8,-4.45,37912144.03,96.6,0.71,0.75,0.03,0.77,8.83,0.0,0.0,0
XPSF11,Papel,Outros,7.1,67100,0.08,1.06,3.08,6.0,11.43,1.03,1.0,0.95,10.58,-4.22,-3.21,-89.85,369792382.05,8.54,0.83,0.9,-4.04,-3.18,-89.4,0.0,0.0,0
HOSI11,Papel,Híbrido,57.9,319,0.43,0.68,2.05,3.86,7.12,0.68,0.64,0.59,6.37,-0.8,-0.13,-7.3,53442769.27,93.2,0.62,0.46,0.26,0.72,5.35,0.0,0.0,2
JSRE11,Papel,Híbrido,68.39,34872,0.49,0.67,1.81,3.67,7.59,0.6,0.61,0.63,6.95,-15.12,-14.55,-1.65,2355388202.91,113.42,0.6,0.43,0.0,0.44,4.34,0.14800000000000002,0.134,5
HGFF11,Papel,Títulos e Val. Mob.,70.71,6778,0.65,0.86,2.46,5.05,9.92,0.82,0.84,0.83,9.15,-6.3,-5.5,9.24,250418653.25,87.45,0.81,0.74,-5.38,-4.67,5.29,0.0,0.0,0
RFOF11,Papel,Títulos e Val. Mob.,67.53,3821,0.73,0.98,2.87,5.73,11.19,0.96,0.95,0.93,10.34,-3.21,-2.26,11.82,86846738.67,80.55,0.84,0.91,-6.07,-5.22,1.08,0.0,0.0,0
AIEC11,Tijolo,Lajes Corporativas,68.33,3606,0.75,1.08,3.06,6.0,11.85,1.02,1.0,0.99,11.02,-5.82,-4.81,-0.79,494835689.55,102.56,0.67,0.73,0.24,0.98,9.4,0.0,0.0,2
HGIC11,Papel,Títulos e Val. Mob.,101.8,142,1.1,1.05,3.19,6.16,11.9,1.06,1.03,0.99,10.83,-2.21,-1.19,9.92,51712665.92,114.02,0.89,0.96,-2.08,-1.14,17.05,0.0,0.0,0
CRFF11,Papel,Títulos e Val. Mob.,65.08,309,0.63,0.87,2.51,5.17,9.96,0.84,0.86,0.83,9.21,-7.71,-6.9,14.47,58362691.0,84.58,0.77,0.74,-5.68,-4.98,5.54,0.0,0.0,0
QAGR11,Papel,Outros,42.7,8267,0.41,0.94,2.67,5.23,9.93,0.89,0.87,0.83,7.61,-8.71,-7.85,-6.67,281473386.2,55.85,0.76,0.73,-0.08,0.65,-1.68,0.0,0.0,12
RBLG11,Tijolo,Logística,95.9,4,0.88,0.9,2.72,5.48,10.92,0.91,0.91,0.91,8.21,-1.01,-0.12,16.45,64230672.96,100.33,0.96,0.88,-1.1,-0.23,2.59,0.0,0.0,1
CXRI11,Papel,Híbrido,64.0,70,0.55,0.8,2.39,5.06,9.86,0.8,0.84,0.82,9.05,-1.05,-0.26,8.77,131751743.43,83.61,0.77,0.66,-5.52,-4.9,5.15,0.0,0.0,0
GGRC11,Tijolo,Logística,113.51,11756,1.02,0.87,2.59,5.02,9.79,0.86,0.84,0.82,9.07,-4.17,-3.34,10.2,966621344.15,124.59,0.91,0.82,-0.14,0.68,2.07,0.0,0.0,20
BLMR11,Papel,Títulos e Val. Mob.,6.77,80040,0.08,1.03,3.02,6.13,12.16,1.01,1.02,1.01,11.11,-3.45,-2.45,1.77,201674556.28,7.9,0.86,0.95,-5.66,-4.77,3.05,0.0,0.0,0
FISC11,Tijolo,Lajes Corporativas,165.0,200,0.24,0.0,0.0,0.0,0.0,0.0,0.0,0.0,0.0,0.0,0.0,0.0,197298203.83,116.06,1.42,0.21,0.02,0.22,1.04,0.0,0.0,0
FATN11,Papel,Híbrido,91.6,341,0.8,0.85,2.74,5.37,10.2,0.91,0.89,0.85,9.39,0.11,0.95,1.59,122722547.54,101.4,0.9,0.79,0.37,1.16,7.01,0.043,0.0,7
JRDM11,Tijolo,Shoppings,78.8,2487,0.69,0.86,2.15,4.02,8.67,0.72,0.67,0.72,5.81,-3.28,-2.44,18.95,22034788.75,87.34,0.9,0.79,-0.06,0.72,4.19,0.0277,0.0,1
FLMA11,Papel,Híbrido,120.49,207,0.93,0.74,2.19,4.4,8.24,0.73,0.73,0.69,7.58,-0.16,0.58,14.25,217168676.05,157.29,0.77,0.59,0.07,0.66,6.45,0.11,0.0,2
RECT11,Papel,Híbrido,51.55,8724,0.5,0.91,2.6,5.11,9.76,0.87,0.85,0.81,9.01,-4.33,-3.46,-13.72,813667318.77,95.24,0.54,0.53,-0.21,0.31,3.29,0.151,0.0,8
MGFF11,Papel,Títulos e Val. Mob.,53.54,18477,0.53,0.9,2.56,5.21,10.68,0.85,0.87,0.89,9.83,-9.23,-8.41,2.81,655755708.91,72.45,0.74,0.73,-6.1,-5.41,-2.96,0.0,0.0,0
BREV11,Papel,Híbrido,90.0,5,0.75,0.79,2.01,3.83,7.31,0.67,0.64,0.61,6.75,-20.84,-20.22,6.4,106556883.73,110.17,0.82,0.68,-0.12,0.56,6.59,0.0,0.0,12
SCPF11,Tijolo,Shoppings,5.83,134,0.02,0.3,0.81,1.74,3.52,0.27,0.29,0.29,3.13,-1.31,-1.01,-21.74,52958523.13,12.61,0.46,0.14,0.29,0.43,2.55,0.293,0.0,1
RBRL11,Tijolo,Logística,81.28,8195,0.65,0.78,2.21,4.46,8.93,0.74,0.74,0.74,8.02,-7.31,-6.59,-2.05,717222701.7,107.26,0.76,0.61,-0.01,0.6,7.47,0.0,0.0,6
RCRB11,Tijolo,Lajes Corporativas,117.95,3092,0.76,0.62,1.7,3.34,6.1,0.57,0.56,0.51,6.1,-11.0,-10.44,10.87,773491666.35,209.58,0.56,0.36,6.32,6.71,10.57,0.284,0.0,10
BRCR11,Papel,Híbrido,56.9,27496,0.5,0.86,2.24,4.54,8.85,0.75,0.76,0.74,6.72,-12.25,-11.5,-3.08,2673754271.18,100.37,0.57,0.5,0.15,0.65,-1.63,0.21,0.258,15
BMLC11,Tijolo,Lajes Corporativas,103.1,122,0.88,0.85,2.31,4.6,9.21,0.77,0.77,0.77,8.17,-1.07,-0.23,24.03,108966338.84,109.14,0.94,0.81,-0.05,0.76,4.1,0.07,0.0,2
SEQR11,Papel,Outros,61.0,1326,0.68,1.08,3.09,6.17,11.64,1.03,1.03,0.97,10.81,-6.12,-5.11,-3.54,154860775.59,96.27,0.63,0.7,0.22,0.93,7.92,0.0,0.0,0
ONEF11,Tijolo,Lajes Corporativas,168.17,344,0.92,0.54,1.62,3.31,6.89,0.54,0.55,0.57,6.89,-0.15,0.39,41.26,183479598.9,201.4,0.84,0.46,15.1,15.63,21.27,0.0,0.0,1
DVFF11,Papel,Híbrido,68.92,186,0.85,1.19,3.07,6.24,11.78,1.02,1.04,0.98,11.05,-3.38,-2.23,-9.44,100802430.08,91.56,0.75,0.93,-4.01,-3.12,8.77,0.0,0.0,0
RECR11,Papel,Títulos e Val. Mob.,84.3,66847,0.74,0.85,2.01,5.07,13.26,0.67,0.84,1.1,11.81,-3.17,-2.35,-5.85,2520731349.4,95.33,0.88,0.77,0.0,0.77,12.72,0.0,0.0,0
HCTR11,Papel,Outros,99.96,103381,1.1,1.11,3.27,6.71,14.76,1.09,1.12,1.23,13.5,-1.24,-0.15,-8.9,2681663950.61,121.43,0.82,0.91,-0.11,0.8,16.89,0.0,0.0,0
CEOC11,Tijolo,Lajes Corporativas,51.82,2718,0.5,0.92,2.58,5.07,9.89,0.86,0.85,0.82,9.16,-9.64,-8.8,2.58,162972246.79,89.76,0.58,0.55,-0.08,0.48,3.1,0.0,0.0,1
TORD11,Papel,Outros,7.13,69891,0.08,1.08,2.81,6.32,11.61,0.94,1.05,0.97,9.96,-7.38,-6.37,-21.52,493708826.4,14.09,0.51,0.57,-0.45,0.12,12.89,0.0,0.0,0
DRIT11B,Tijolo,Lajes Corporativas,99.33,15,0.67,0.67,2.08,4.07,0.0,0.69,0.68,0.0,4.07,10.68,11.42,9.19,58209539.09,125.65,0.79,0.53,-0.2,0.34,2.37,0.1047,0.0,6
BLMG11,Tijolo,Logística,67.0,10341,0.8,1.08,2.92,5.94,11.5,0.97,0.99,0.96,10.54,-11.57,-10.62,-12.33,34835357.33,91.33,0.73,0.88,-2.57,-1.72,-1.52,0.0,0.0,4
CPFF11,Papel,Híbrido,65.34,10667,0.6,0.9,2.51,5.08,10.41,0.84,0.85,0.87,9.53,-10.68,-9.88,3.02,42946317.49,78.73,0.83,0.76,-2.56,-1.82,6.71,0.0,0.0,0
BCFF11,Papel,Títulos e Val. Mob.,63.53,38993,0.56,0.83,2.45,4.98,9.74,0.82,0.83,0.81,8.97,-2.78,-1.97,2.3,1903260829.67,75.57,0.84,0.74,-3.03,-2.31,1.3,0.0,0.0,0
GCRA11,Papel,Híbrido,96.72,4004,1.2,1.25,3.66,7.51,0.0,1.22,1.25,0.0,12.98,-3.65,-2.45,5.07,171582258.95,98.0,0.99,1.22,0.11,1.33,12.74,0.0,0.0,0
FAED11,Papel,Outros,141.1,420,1.53,1.05,3.01,6.29,12.09,1.0,1.05,1.01,11.26,-6.19,-5.2,12.81,138821300.04,216.18,0.65,0.71,0.0,0.71,4.95,0.0,0.0,3
RELG11,Papel,Híbrido,71.5,1429,0.8,1.11,2.46,5.8,11.97,0.82,0.97,1.0,10.97,-5.64,-4.59,-0.08,158203626.97,118.54,0.6,0.67,-0.33,0.34,4.62,0.10400000000000001,0.10400000000000001,3
DEVA11,Papel,Títulos e Val. Mob.,84.19,33816,0.9,1.04,2.28,5.97,13.98,0.76,0.99,1.17,12.67,-2.28,-1.26,-5.05,1423358225.69,101.34,0.83,0.89,0.14,1.03,18.73,0.0,0.0,0
NCHB11,Papel,Títulos e Val. Mob.,85.12,5956,1.0,1.1,3.8,8.13,15.01,1.27,1.36,1.25,14.01,-3.97,-2.91,6.16,145806912.83,90.18,0.94,1.11,-1.14,-0.04,3.18,0.0,0.0,0
FLCR11,Papel,Títulos e Val. Mob.,93.0,2476,0.9,0.95,2.56,6.42,15.36,0.85,1.07,1.28,13.63,2.53,3.5,9.27,62494579.17,98.63,0.94,0.91,-0.68,0.23,8.93,0.0,0.0,0
VSLH11,Papel,Outros,8.97,60795,0.11,1.22,3.6,7.21,14.5,1.2,1.2,1.21,13.28,0.0,1.22,5.56,31261065.49,10.47,0.86,1.05,-0.53,0.51,19.15,0.0,0.0,0
MAXR11,Papel,Outros,68.28,2627,0.65,0.86,2.47,4.92,9.4,0.82,0.82,0.78,7.04,-6.1,-5.29,7.22,135277249.14,120.18,0.57,0.54,0.02,0.56,4.29,0.027999999999999997,0.0,8
RBRP11,Papel,Outros,49.09,26024,0.27,0.52,1.83,4.18,8.32,0.61,0.7,0.69,7.67,-5.09,-4.6,-19.76,995754549.61,81.76,0.6,0.33,-1.63,-1.31,3.68,0.13,0.06,17
MGLG11,Tijolo,Logística,37.98,698,0.35,0.89,2.49,5.21,11.74,0.83,0.87,0.98,11.13,-4.32,-3.47,-18.8,116224996.02,61.55,0.62,0.57,57.54,58.43,-18.62,0.0,0.0,3
CVBI11,Papel,Títulos e Val. Mob.,84.8,30169,0.75,0.83,2.27,5.4,12.74,0.76,0.9,1.06,11.65,-0.22,0.6,0.06,1276945.86,93.28,0.91,0.8,-1.5,-0.71,4.81,0.0,0.0,0
BLCA11,Tijolo,Lajes Corporativas,89.33,1,0.56,0.62,1.86,3.45,0.0,0.62,0.58,0.0,4.99,-0.11,0.51,-1.98,142810647.69,89.26,1.0,0.63,-0.32,0.31,-12.47,0.0,0.0,1
RVBI11,Papel,Títulos e Val. Mob.,70.03,2896,0.75,1.0,2.93,5.84,11.5,0.98,0.97,0.96,10.6,-3.09,-2.12,2.83,120772113.69,83.87,0.83,0.89,-2.88,-2.01,5.11,0.0,0.0,0
RBRF11,Papel,Títulos e Val. Mob.,65.21,30925,0.63,0.9,2.57,5.24,10.18,0.86,0.87,0.85,9.37,-2.37,-1.49,5.86,1130629129.06,82.64,0.79,0.76,-4.16,-3.43,0.8,0.0,0.0,0
IRDM11,Papel,Títulos e Val. Mob.,88.0,112288,0.7,0.75,2.37,6.12,13.09,0.79,1.02,1.09,11.77,-4.85,-4.14,-4.0,3389714938.91,93.04,0.95,0.75,-1.77,-1.03,3.28,0.0,0.0,0
RBRY11,Papel,Títulos e Val. Mob.,90.31,13343,1.0,1.07,3.1,6.98,14.07,1.03,1.16,1.17,12.79,-2.98,-1.94,-0.97,550807992.24,99.3,0.91,1.01,-0.58,0.42,3.41,0.0,0.0,0
RBRR11,Papel,Títulos e Val. Mob.,81.5,69793,0.7,0.81,2.34,5.76,12.5,0.78,0.96,1.04,11.42,-4.32,-3.54,-5.91,1278731823.76,95.15,0.86,0.74,-1.87,-1.15,3.12,0.0,0.0,0
GAME11,Papel,Híbrido,8.91,8918,0.1,1.11,3.25,7.12,14.44,1.08,1.19,1.2,13.4,-2.59,-1.51,-5.96,203954963.26,9.84,0.91,1.02,0.2,1.22,-98.84,0.0,0.0,0
IBCR11,Papel,Títulos e Val. Mob.,83.6,1006,0.8,0.94,3.22,7.31,16.09,1.07,1.22,1.34,14.54,-0.59,0.34,1.89,91539316.32,95.51,0.88,0.84,-0.91,-0.08,9.49,0.0,0.0,0
IRIM11,Papel,Híbrido,90.16,675,0.71,0.75,2.57,6.78,14.83,0.86,1.13,1.24,13.5,-4.2,-3.49,-1.36,186681888.44,97.23,0.93,0.74,-1.35,-0.62,2.72,0.0,0.0,0
CPTS11,Papel,Títulos e Val. Mob.,75.57,154811,0.37,0.46,2.54,6.18,13.07,0.85,1.03,1.09,11.95,-9.56,-9.15,-6.78,2858127870.96,89.93,0.84,0.41,-1.83,-1.42,1.66,0.0,0.0,0
MCHF11,Papel,Títulos e Val. Mob.,8.47,137763,0.11,1.23,3.65,7.32,14.02,1.22,1.22,1.17,12.82,-1.11,0.11,0.04,302861569.8,9.37,0.9,1.17,-1.49,-0.33,0.21,0.0,0.0,0
GCFF11,Papel,Títulos e Val. Mob.,70.9,445,0.72,1.0,3.03,6.29,12.36,1.01,1.05,1.03,11.32,-1.14,-0.15,0.2,27997377.16,82.69,0.86,0.87,-3.88,-3.05,-3.37,0.0,0.0,0
VGIR11,Papel,Títulos e Val. Mob.,9.66,365459,0.13,1.31,3.93,7.71,14.58,1.31,1.28,1.22,13.67,-0.4,0.9,-88.83,993272195.2,9.62,1.0,1.35,-0.2,1.15,-89.14,0.0,0.0,0
MORE11,Papel,Títulos e Val. Mob.,63.75,4606,0.6,0.89,2.54,5.67,11.5,0.85,0.94,0.96,10.58,-5.41,-4.56,-2.27,193189471.08,83.3,0.77,0.72,-5.04,-4.36,-2.74,0.0,0.0,0
MGHT11,Tijolo,Hotel,55.04,1291,0.65,1.16,3.22,6.87,12.79,1.07,1.14,1.07,11.89,-6.24,-5.15,-28.6,112466978.44,85.61,0.64,0.76,-0.45,0.3,-6.08,0.0,0.0,0
TRNT11,Tijolo,Lajes Corporativas,125.0,50,0.52,0.42,0.93,1.9,4.25,0.31,0.32,0.35,3.7,0.0,0.42,20.29,797232182.23,202.57,0.62,0.26,0.01,0.27,1.4,0.499,0.0,1
VGIP11,Papel,Outros,80.43,38687,0.45,0.54,1.56,5.17,13.87,0.52,0.86,1.16,12.27,-5.67,-5.16,-6.76,168757358.59,90.67,0.89,0.5,-1.78,-1.29,8.0,0.0,0.0,0
VGIA11,Papel,Títulos e Val. Mob.,9.89,387791,0.14,1.41,4.29,9.2,0.0,1.43,1.53,0.0,15.89,-4.8,-3.45,9.58,695468145.75,9.52,1.04,1.47,-0.49,0.97,6.44,0.0,0.0,0
GCRI11,Papel,Títulos e Val. Mob.,91.5,2339,1.1,1.17,3.5,7.44,16.02,1.17,1.24,1.33,14.63,-0.39,0.77,10.43,112349949.82,94.35,0.97,1.17,-2.34,-1.2,0.94,0.0,0.0,0
HCRI11,Tijolo,Hospital,218.05,134,2.43,1.11,3.08,5.21,10.0,1.03,0.87,0.83,3.82,-3.7,-2.64,-18.05,59988560.02,299.94,0.73,0.81,0.0,0.81,3.06,0.0,0.0,1
MGCR11,Papel,Títulos e Val. Mob.,78.5,1441,0.9,1.08,3.54,8.1,15.33,1.18,1.35,1.28,14.19,-5.03,-4.0,8.44,127904113.96,89.93,0.87,1.0,-2.99,-2.02,4.14,0.0,0.0,0
BRLA11,Papel,Híbrido,143.0,20,1.09,0.75,12.66,14.18,18.37,4.22,2.36,1.53,17.67,1479.52,1491.43,1934.8,426827499.46,157.77,0.91,0.69,0.04,0.74,-8.63,0.0,0.0,0
MCCI11,Papel,Títulos e Val. Mob.,86.29,50266,1.1,1.2,3.48,6.86,12.92,1.16,1.14,1.08,11.95,-5.07,-3.93,1.66,1348562788.74,92.4,0.93,1.19,-2.01,-0.85,3.25,0.0,0.0,0
NAVT11,Papel,Títulos e Val. Mob.,72.95,339,0.85,1.18,3.31,6.74,13.05,1.1,1.12,1.09,12.25,-9.14,-8.07,12.25,94740518.92,89.84,0.81,0.95,-3.92,-3.02,0.49,0.0,0.0,0
OURE11,Papel,Títulos e Val. Mob.,79.19,1078,1.05,1.29,3.8,8.0,14.83,1.27,1.33,1.24,13.5,-0.15,1.14,8.12,99108491.33,92.02,0.86,1.14,-2.16,-1.04,11.12,0.0,0.0,0
RECX11,Papel,Outros,69.0,111,0.6,0.83,3.01,5.74,12.05,1.0,0.96,1.0,10.92,-0.94,-0.11,-15.6,17106482.65,78.36,0.88,0.77,-3.8,-3.06,-5.68,0.0,0.0,0
OUFF11,Papel,Títulos e Val. Mob.,61.29,3846,0.7,1.09,3.18,6.63,12.92,1.06,1.1,1.08,11.99,-4.72,-3.68,10.43,138162698.62,76.15,0.8,0.92,-5.19,-4.32,5.61,0.0,0.0,0
AFHI11,Papel,Títulos e Val. Mob.,93.48,7771,0.96,1.01,3.03,6.93,14.79,1.01,1.16,1.23,13.51,-1.13,-0.13,5.92,286309475.82,94.82,0.99,1.01,-0.94,0.06,5.0,0.0,0.0,0
ARCT11,Papel,Híbrido,86.1,13789,0.76,0.86,2.48,5.45,15.06,0.83,0.91,1.25,13.48,-3.38,-2.55,-7.07,369956160.07,99.77,0.86,0.76,0.04,0.8,6.31,0.0,0.0,4
SNFF11,Papel,Títulos e Val. Mob.,84.94,6648,1.3,1.44,2.9,5.08,10.34,0.97,0.85,0.86,9.64,1.24,2.7,12.3,251391286.35,88.83,0.96,1.46,-4.82,-3.43,1.12,0.0,0.0,0
SNCI11,Papel,Títulos e Val. Mob.,95.81,13546,1.0,1.01,2.99,6.62,14.41,1.0,1.1,1.2,13.26,-1.24,-0.25,8.62,408717519.54,97.31,0.98,1.03,-0.94,0.08,8.67,0.0,0.0,0
BLMC11,Papel,Outros,80.02,94,0.67,0.83,2.6,6.5,13.64,0.87,1.08,1.14,12.52,-1.28,-0.46,-6.54,38558864.09,96.52,0.83,0.69,-1.69,-1.01,2.81,0.0,0.0,0
RZAK11,Papel,Títulos e Val. Mob.,100.43,23108,1.5,1.49,4.4,9.25,18.28,1.47,1.54,1.52,16.89,5.18,6.75,24.98,360999586.28,92.64,1.08,1.62,-0.41,1.2,7.9,0.0,0.0,0
FEXC11,Papel,Títulos e Val. Mob.,83.5,9153,0.9,1.08,3.13,6.7,13.6,1.04,1.12,1.13,12.55,-5.54,-4.52,6.46,103494922.39,90.75,0.92,0.99,-1.13,-0.15,7.12,0.0,0.0,0
MATV11,Papel,Títulos e Val. Mob.,89.44,3,0.8,0.89,2.66,6.17,13.75,0.89,1.03,1.15,12.54,3.4,4.32,3.4,39226174.04,92.09,0.97,0.87,-1.34,-0.49,-0.81,0.0,0.0,0
BTLG11,Tijolo,Logística,94.7,48243,0.74,0.78,2.24,4.53,8.72,0.75,0.76,0.73,8.04,-5.92,-5.19,0.54,289628167.96,99.19,0.95,0.75,0.09,0.84,4.82,0.0,0.02,16
ALZR11,Tijolo,Logística,109.87,11709,0.73,0.66,2.01,8.19,12.18,0.67,1.37,1.01,11.52,-3.21,-2.57,6.04,740337456.78,106.94,1.03,0.0,0.0,0.0,0.0,0.0,0.0,15
BPML11,Tijolo,Shoppings,62.48,94,0.3,0.48,1.37,2.32,0.0,0.46,0.39,0.0,2.86,-6.03,-5.58,-5.15,531797948.23,123.53,0.51,0.0,0.0,0.0,0.0,0.057999999999999996,0.0,7
XPML11,Tijolo,Shoppings,94.24,46428,0.77,0.82,2.29,4.41,8.71,0.76,0.74,0.73,7.82,-5.91,-5.14,8.78,258454896.67,101.3,0.93,0.0,0.0,0.0,0.0,0.039,0.0,16
FCFL11,Papel,Outros,111.0,4224,0.76,0.69,1.97,4.2,8.51,0.66,0.7,0.71,7.78,-4.3,-3.64,4.48,36491433.44,104.8,1.06,0.0,0.0,0.0,0.0,0.0,0.0,1
XPIN11,Papel,Outros,70.92,6374,0.65,0.92,2.51,4.97,9.41,0.84,0.83,0.78,8.74,-7.6,-6.75,-9.72,742296242.19,103.81,0.68,0.0,0.0,0.0,0.0,0.17300000000000001,0.12,5
EQIR11,Papel,Títulos e Val. Mob.,9.69,3784,0.11,1.14,3.43,17.04,0.0,1.14,2.84,0.0,22.54,3.09,4.26,-87.69,49267646.34,9.8,0.99,0.0,0.0,0.0,0.0,0.0,0.0,0
